Sector,CountryCode,CultureCode,CityName,Country,Population,PopulationRating,PopulationType,CityType1,CityType2,CityType3,CityType4,HVT,CrimeIndex,SafetyIndex,,,,,
,Unique # for each country. Not all countries have a code,"1 - North Africa
 2 - Central Africa
 3 - Southern Africa
 4 - Central Asia 
 5- South Asia
 6- East + South East Asia
 7 - The Caribbean
 8 - Central America
 9 - West Europe
 10 - East Europe
 11 - Oceania
 12 - South America
 13 - North America
 14 - Middle Eastern",Name of city,Name of country,FORMULA,FORMULA,FORMULA,,,,,,"-20 as very low
 20-40 as being low
 40-60 as being moderate
 60-80 as being high
 80 as being very high",,,,,,
Sector,CountryCode,CultureCode,CityName,Country,Population,PopulationRating,PopulationType,CityType1,CityType2,CityType3,CityType4,HVT,CrimeIndex,SafetyIndex,,FROM,TO,VILLAGE,City Bonus
LJ5,96,14,Kabul,Afghanistan,4221532.00,6,City,Military,Political,,,,76.06,23.94,,,,,
LD4,96,14,Herat,Afghanistan,605575.00,5,City,Political,Educational,Company,,,57.00,43.00,,,,,
LD4,96,14,Mazar-e Sharif,Afghanistan,532689.00,5,City,Temple,Mining,,,,78.19,21.81,,,,,
,2,1,Algiers,Algeria,2767661.00,6,Large City,Political,Company,,,,52.05,47.95,,,,,
,2,1,Oran,Algeria,899182.00,5,City,Industrial,,,,,54.51,45.49,,,,,
,2,1,El Djelfa,Algeria,503397.00,5,City,Company,,,,,55.15,44.85,,,,,
IV3,3,3,Luanda,Angola,8329798.00,6,Large City,Industrial,,,,,67.52,32.48,,,,,
IV4,3,3,Lubango,Angola,828248.00,5,City,Company,Mining,,,,74.51,25.49,,,,,
IV3,3,3,Cabinda,Angola,777697.00,5,City,Political,,,,,66.82,33.18,,,,,
IV4,3,3,Benguela,Angola,715130.00,5,City,Industrial,Military,Company,Seaport,,74.51,25.49,,,,,
IV4,3,3,Huambo,Angola,671413.00,5,City,Educational,,,,,71.10,18.99,,,,,
JB4,3,3,Malanje,Angola,665150.00,5,City,Company,Political,,,,63.24,36.76,,,,,
JB5,3,3,Cuito,Angola,535407.00,5,City,Military,Temple,,,,74.38,25.62,,,,,
IV3,3,3,Uige,Angola,510631.00,5,City,Mining,,,,,71.24,28.76,,,,,
,4,12,Buenos Aires,Argentina,15153729.00,7,Mega City,Company,Industrial,Educational,Political,,62.58,37.42,,,,,
,4,12,Cordoba,Argentina,1571944.00,6,Large City,Resort,Temple,Educational,,,57.79,42.21,,,,,
,4,12,Rosario,Argentina,1532128.00,6,Large City,Seaport,Industrial,Company,Resort,,71.20,28.80,,,,,
,4,12,Mendoza,Argentina,1172619.00,5,City,Educational,Company,,,,67.51,32.49,,,,,
,4,12,San Miguel de Tucuman,Argentina,985656.00,5,City,Resort,Temple,,,,80.96,19.04,,,,,
,4,12,La Plata,Argentina,884054.00,5,City,Educational,Mining,Resort,,,66.77,33.23,,,,,
,4,12,Salta,Argentina,684751.00,5,City,Temple,Company,Educational,,,43.68,56.32,,,,,
,4,12,Mar Del Plata,Argentina,665707.00,5,City,Seaport,Industrial,,,,70.19,29.81,,,,,
,4,12,Santa Fe,Argentina,562917.00,5,City,Company,Military,,,,69.09,30.91,,,,,
,4,12,San Juan,Argentina,536913.00,5,City,Resort,Company,,,,69.00,31.00,,,,,
,5,10,Dilijan,Armenia,16600.00,2,Small Town,Industrial,Resort,,,,18.46,81.25,,,,,
,5,10,Gyumri,Armenia,121976.00,3,Town,Industrial,Military,,,,13.24,86.76,,,,,
,5,10,Yerevan,Armenia,1086275.00,5,City,Industrial,Political,,,,23.82,76.18,,,,,
OY5,6,11,Melbourne,Australia,4967733.00,6,Large City,Educational,Resort,Industrial,Company,,44.49,55.51,,,,,
PE5,6,11,Sydney,Australia,4925987.00,6,Large City,Company,Political,Industrial,Seaport,,33.67,66.33,,,,,
PE4,6,11,Brisbane,Australia,2406182.00,6,Large City,Seaport,Industrial,Resort,,,35.24,64.76,,,,,
NN8,6,11,Perth,Australia,2041959.00,6,Large City,Mining,Industrial,Educational,Seaport,,42.21,57.79,,,,,
OM3,6,11,Adelaide,Australia,1336403.00,5,City,Resort,Seaport,,,,28.63,71.37,,,,,
PE4,6,11,Gold Coast,Australia,699226.00,5,City,Temple,Resort,Seaport,,,42.72,57.28,,,,,
,7,9,Vienna,Austria,1929944.00,6,Large City,Company,Industrial,Educational,Political,,25.26,74.74,,,,,
,8,14,Baku,Azerbaijan,2341443.00,6,Large City,Industrial,Company,Political,Educational,,30.38,69.62,,,,,
,9,14,Manama,Bahrain,634508.00,5,City,Educational,Company,,,,22.42,77.58,,,,,
,10,5,Dhaka,Bangladesh,21005860.00,7,Mega City,Political,Company,Industrial,Military,,64.94,35.06,,,,,
MI2,10,5,Chittagong,Bangladesh,5019824.00,6,Large City,Company,Industrial,Resort,Seaport,,65.27,34.73,,,,,
MI2,10,5,Khulna,Bangladesh,953745.00,5,City,Seaport,Military,Industrial,,,56.91,43.09,,,,,
MI2,10,5,Rajshahi,Bangladesh,907732.00,5,City,Educational,Company,,,,52.65,47.35,,,,,
,10,5,Sylhet,Bangladesh,851808.00,5,City,Mining,Temple,Resort,,,53.14,46.86,,,,,
,10,5,Bogra,Bangladesh,775034.00,5,City,Temple,,,,,51.65,48.35,,,,,
,10,5,Comilla,Bangladesh,588772.00,5,City,Military,Resort,Temple,,,58.25,41.75,,,,,
,11,10,Minsk,Belarus,2028104.00,6,Large City,Political,Industrial,Company,Educational,,61.75,38.25,,,,,
,11,10,Gomel,Belarus,557589.00,5,City,Company,Educational,,,,51.01,48.99,,,,,
,12,9,Brussels,Belgium,2080788.00,6,Large City,Educational,Company,,,,50.80,49.20,,,,,
,12,9,Antwerp,Belgium,1042471.00,5,City,Seaport,Resort,Temple,Industrial,,37.40,62.60,,,,,
,12,9,Liege,Belgium,677589.00,5,City,Political,Mining,,,,45.56,54.44,,,,,
,13,2,Abomey-Calavi,Benin,1056440.00,5,City,Educational,Company,Industrial,,,39.60,60.40,,,,,
,13,2,Cotonou,Benin,691949.00,5,City,Industrial,Political,Temple,Resort,,37.82,62.18,,,,,
FB9,14,12,La Paz,Bolivia,1857797.00,6,Large City,Company,Industrial,Military,Educational,,51.13,48.87,,,,,
FI0,14,12,Santa Cruz,Bolivia,1712688.00,6,Large City,Industrial,Political,Company,Temple,,58.75,41.25,,,,,
FI0,14,12,Cochabamba,Bolivia,1303907.00,5,City,Resort,Temple,Mining,,,66.84,33.16,,,,,
GA4,15,12,Sao Paulo,Brazil,22043028.00,7,Mega City,Industrial,Political,Company,Educational,,70.38,29.62,,,,,
GG5,15,12,Rio de Janeiro,Brazil,13458075.00,7,Mega City,Company,Military,Resort,Temple,,77.52,22.48,,,,,
,15,12,Belo Horizonte,Brazil,6084430.00,6,Large City,Political,Mining,Company,,,63.79,36.21,,,,,
,15,12,Brasilia,Brazil,4645843.00,6,Large City,Industrial,Company,Temple,,,61.88,38.12,,,,,
,15,12,Porto Alegre,Brazil,4137417.00,6,Large City,Resort,Seaport,Company,,,36.42,63.58,,,,,
GS4,15,12,Recife,Brazil,4127091.00,6,Large City,Industrial,Educational,Military,Seaport,,76.09,23.91,,,,,
GM2,15,12,Fortaleza,Brazil,4073465.00,6,Large City,Seaport,Resort,Educational,,,78.16,21.84,,,,,
GM4,15,12,Salvador,Brazil,3839076.00,6,Large City,Military,Resort,Seaport,,,75.93,24.07,,,,,
GA5,15,12,Curitiba,Brazil,3678732.00,6,Large City,Temple,Educational,Political,,,63.10,36.90,,,,,
,15,12,Campinas,Brazil,3300794.00,6,Large City,Industrial,Mining,,,,66.33,33.67,,,,,
,15,12,Goiania,Brazil,2690011.00,6,Large City,Company,Resort,,,,67.85,32.15,,,,,
GA0,15,12,Belem,Brazil,2334462.00,6,Large City,Mining,Company,,,,77.57,22.43,,,,,
,15,12,Manaus,Brazil,2260788.00,6,Large City,Educational,Resort,Company,Temple,,72.08,27.92,,,,,
,15,12,Grande Vitoria,Brazil,2075857.00,6,Large City,Industrial,Educational,Political,,,41.94,58.06,,,,,
GA4,15,12,Baixada Santista,Brazil,1892314.00,6,Large City,Industrial,Company,Temple,,,63.21,36.79,,,,,
GG1,15,12,Grande Sao Luis,Brazil,1485763.00,5,City,Resort,Mining,,,,77.37,22.63,,,,,
GS4,15,12,Natal,Brazil,1456844.00,5,City,Seaport,,,,,79.21,20.79,,,,,
GS4,15,12,Joao Pessoa,Brazil,1378249.00,5,City,Seaport,Resort,,,,69.20,30.80,,,,,
GM3,15,12,Maceio,Brazil,1323039.00,5,City,Resort,Company,Industrial,,,76.16,23.84,,,,,
GA5,15,12,Joinville,Brazil,1303141.00,5,City,Industrial,Company,,,,49.80,50.29,,,,,
GA5,15,12,Florianopolis,Brazil,1239331.00,5,City,Temple,Mining,Resort,,,54.19,45.81,,,,,
GG1,15,12,Teresina,Brazil,1021229.00,5,City,Seaport,,,,,78.34,21.66,,,,,
GM4,15,12,Aracaju,Brazil,1009380.00,5,City,Resort,Political,Seaport,,,60.47,39.53,,,,,
FU2,15,12,Campo Grande,Brazil,896864.00,5,City,Industrial,Mining,,,,54.57,45.43,,,,,
FU3,15,12,Londrina,Brazil,885516.00,5,City,,,,,,54.91,45.09,,,,,
GA4,15,12,Sorocaba,Brazil,785997.00,5,City,Industrial,Temple,,,,49.73,50.27,,,,,
GG5,15,12,Sao Jose dos Campos,Brazil,721795.00,5,City,Seaport,Company,,,,65.44,34.56,,,,,
GA4,15,12,Ribeirao Preto,Brazil,714111.00,5,City,Industrial,Military,,,,69.59,30.41,,,,,
GA3,15,12,Uberlandia,Brazil,686896.00,5,City,Temple,Resort,Educational,,,69.38,30.62,,,,,
GA4,15,12,Jundiai,Brazil,678521.00,5,City,Educational,Company,,,,50.84,49.16,,,,,
GM4,15,12,Feira De Santana,Brazil,602128.00,5,City,Resort,Temple,Mining,,,53.19,46.81,,,,,
FU1,15,12,Cuiaba,Brazil,588566.00,5,City,Temple,,,,,68.75,31.25,,,,,
GG5,15,12,Juiz De Fora,Brazil,575481.00,5,City,Educational,Company,,,,51.28,48.72,,,,,
GG4,15,12,Vale do Aco,Brazil,521744.00,5,City,Company,,,,,59.31,40.69,,,,,
FH8,15,12,Porto Velho,Brazil,510419.00,5,City,Company,Temple,,,,36.42,63.58,,,,,
,,9,Sofia,Bulgaria,1280968.00,5,City,Educational,Company,Industrial,,,41.76,58.24,,,,,
,,2,Ouagadougou,Burkina Faso,2780331.00,6,Large City,Company,Educational,Temple,,,43.73,56.27,,,,,
,,2,Bobo-Dioulasso,Burkina Faso,972124.00,5,City,Industrial,Resort,Company,,,38.30,61.70,,,,,
,,2,Bujumbura,Burundi,1012996.00,5,City,Industrial,Company,Resort,Military,,35.15,64.85,,,,,
,,2,Phnom Penh,Cambodia,2077757.00,6,Large City,Industrial,Company,Educational,Temple,,53.71,46.29,,,,,
,,2,Yaounde,Cameroon,3992411.00,6,Large City,Company,Military,Industrial,Educational,,47.72,52.28,,,,,
,,2,Douala,Cameroon,3663227.00,6,Large City,Political,Company,Industrial,Educational,,74.43,25.57,,,,,
,,2,Bamenda,Cameroon,533257.00,5,City,Mining,Company,Educational,,,63.24,36.76,,,,,
EO4,16,14,Toronto,Canada,6196731.00,6,Large City,Industrial,Company,Educational,Political,,39.84,60.16,,,,,
EU4,16,14,Montreal,Canada,4220566.00,6,Large City,Company,Industrial,Temple,Military,,29.15,70.85,,,,,
CR4,16,14,Vancouver,Canada,2581079.00,6,Large City,Industrial,Company,Temple,Mining,,36.45,63.55,,,,,
CX5,16,14,Calgary,Canada,1547484.00,6,Large City,Resort,Company,Temple,Industrial,,34.49,65.51,,,,,
CX4,16,14,Edmonton,Canada,1461182.00,5,City,Educational,Temple,Resort,,,42.61,57.39,,,,,
EU4,16,14,Ottawa,Canada,1393086.00,5,City,Resort,Political,Company,,,25.85,74.15,,,,,
FA5,16,14,Quebec City,Canada,826109.00,5,City,Resort,Industrial,Company,,,14.76,85.24,,,,,
DV9,16,14,Winnipeg,Canada,816593.00,5,City,Industrial,Company,,,,56.94,43.06,,,,,
EO4,16,14,Hamilton,Canada,766688.00,5,City,Temple,Resort,Seaport,,,52.29,47.71,,,,,
EO4,16,14,Kitchener,Canada,562466.00,5,City,Educational,Company,,,,37.13,62.87,,,,,
EO4,16,14,London,Canada,508230.00,5,City,Resort,Political,Educational,,,47.53,52.47,,,,,
,,2,Bangui,Central African Republic,889231.00,5,City,Industrial,Company,Political,,,82.11,17.89,,,,,
,97,2,N-Djamena,Chad,1422547.00,5,City,Company,Industrial,,,,62.25,37.75,,,,,
,98,12,Santiago,Chile,6767223.00,6,Large City,Educational,Military,Political,Company,,55.17,44.83,,,,,
,98,12,Valparaiso,Chile,983751.00,5,City,Company,Temple,Educational,,,63.18,36.82,,,,,
,98,12,Concepcion,Chile,880722.00,5,City,Industrial,Company,Resort,,,47.78,52.22,,,,,
,18,12,Bogota,Colombia,10978360.00,7,Mega City,Political,Industrial,Company,Educational,,62.81,37.19,,,,,
EV3,18,12,Medellin,Colombia,4000263.00,6,Large City,Company,Educational,Industrial,Political,,51.37,48.63,,,,,
EV4,18,12,Cali,Colombia,2781980.00,6,Large City,Industrial,Resort,Temple,,,65.28,34.72,,,,,
EV2,18,12,Barranquilla,Colombia,2272914.00,6,Large City,Company,Mining,Military,Educational,,57.14,42.86,,,,,
EV3,18,12,Bucaramanga,Colombia,1331453.00,5,City,Industrial,Resort,,,,42.98,57.02,,,,,
EV2,18,12,Cartagena,Colombia,1062622.00,5,City,Seaport,Industrial,Company,,,53.24,46.76,,,,,
EV3,18,12,Cucuta,Colombia,933380.00,5,City,Resort,Temple,,,,65.07,34.93,,,,,
EV4,18,12,Ibague,Colombia,586187.00,5,City,Company,Mining,,,,42.70,57.30,,,,,
EV3,18,12,Pereira,Colombia,579620.00,5,City,Educational,Temple,,,,33.20,66.80,,,,,
EV4,18,12,Villavicencio,Colombia,544115.00,5,City,Resort,,,,,72.55,27.45,,,,,
EV2,18,12,Valledupar,Colombia,533453.00,5,City,Company,Educational,,,,55.77,44.23,,,,,
EV2,18,12,Santa Marta,Colombia,527326.00,5,City,Political,Resort,Seaport,Industrial,,48.94,51.06,,,,,
,,8,San Jose,Costa Rica,1399629.00,5,City,Political,Industrial,Company,,,46.53,53.47,,,,,
,,10,Zagreb,Croatia,684878.00,5,City,Company,Educational,,,,22.28,77.72,,,,,
EI8,,8,Havana,Cuba,2140423.00,6,Large City,Industrial,Resort,Political,Military,,29.06,70.94,,,,,
IU0,,9,Prague,Czech Republic,1305737.00,5,City,Company,Resort,Political,,,24.16,75.84,,,,,
,,9,Copenhagen,Denmark,1346485.00,5,City,Industrial,Company,Educational,,,27.54,72.46,,,,,
,,1,Djibouti,Djibouti,576157.00,5,City,Temple,Educational,Resort,,,67.30,32.70,,,,,
,,12,Santo Domingo,Dominican Republic,3317784.00,6,Large City,Company,Industrial,Political,Educational,,66.82,33.18,,,,,
,,12,Santiago,Dominican Republic,664575.00,5,City,Resort,Mining,,,,55.17,44.83,,,,,
IV2,19,2,Kinshasa,DR Congo,14342439.00,7,Mega City,Company,Industrial,Educational,Political,,80.28,19.72,,,,,
,19,2,Mbuji-Mayi,DR Congo,2525263.00,6,Large City,Mining,Political,,,,67.57,31.32,,,,,
,19,2,Lubumbashi,DR Congo,2478262.00,6,Large City,Company,Political,Military,Mining,,65.51,34.19,,,,,
,19,2,Kananga,DR Congo,1458400.00,5,City,Industrial,Company,,,,73.41,26.59,,,,,
JH3,19,2,Kisangani,DR Congo,1261310.00,5,City,Mining,Resort,,,,68.32,31.68,,,,,
,19,2,Bukavu,DR Congo,1078002.00,5,City,Educational,Company,,,,69.62,30.38,,,,,
,19,2,Tshikapa,DR Congo,919192.00,5,City,Political,Industrial,,,,63.66,36.34,,,,,
,19,2,Bunia,DR Congo,679418.00,5,City,Educational,Company,,,,73.24,26.76,,,,,
,19,2,Goma,DR Congo,634197.00,5,City,Temple,Company,,,,67.57,34.41,,,,,
,19,2,Uvira,DR Congo,589731.00,5,City,Resort,,,,,65.23,34.77,,,,,
,19,2,Likasi,DR Congo,567839.00,5,City,Educational,Company,Temple,,,67.57,34.41,,,,,
JB3,19,2,Kikwit,DR Congo,507462.00,5,City,Company,Political,Mining,,,68.57,33.41,,,,,
,,8,Guayaquil,Ecuador,2994218.00,6,Large City,Company,Educational,Seaport,Political,,66.63,33.37,,,,,
,,8,Quito,Ecuador,1873763.00,6,Large City,Political,Educational,,,,59.33,40.67,,,,,
JM8,20,1,Cairo,Egypt,20900604.00,7,Mega City,Industrial,Company,Temple,Seaport,,49.97,50.03,,,,,
JM8,20,1,Alexandria,Egypt,5280664.00,6,Large City,Industrial,Political,Educational,Military,,39.06,60.94,,,,,
,20,1,Bur Sa'id,Egypt,737000.00,5,City,Temple,Mining,,,,20.59,79.41,,,,,
,20,1,As-Suways,Egypt,638229.00,5,City,Educational,Industrial,,,,42.65,57.35,,,,,
,20,1,Al-Mansurah,Egypt,555621.00,5,City,Company,,,,,46.68,53.32,,,,,
,20,1,Al-Mahallah al-Kubra,Egypt,517549.00,5,City,Industrial,Educational,,,,30.02,69.98,,,,,
,20,1,Tanta,Egypt,501423.00,5,City,Resort,Temple,,,,34.41,65.59,,,,,
,,8,San Salvador,El Salvador,1105766.00,5,City,Political,Educational,Company,,,72.45,27.55,,,,,
,,1,Asmara,Eritrea,962985.00,5,City,Company,Resort,,,,15.74,84.26,,,,,
,21,1,Addis Ababa,Ethiopia,4793699.00,6,Large City,Industrial,Company,Educational,Political,,47.89,52.11,,,,,
,21,1,Mekele,Ethiopia,523914.00,5,City,Resort,Company,,,,46.42,53.58,,,,,
,,9,Helsinki,Finland,1304851.00,5,City,Seaport,Industrial,,,,25.27,74.73,,,,,
IH9,22,9,Paris,France,11017230.00,7,Mega City,Educational,Company,Political,Resort,,53.19,46.81,,,,,
IH9,22,9,Lyon,France,1719268.00,6,Large City,Industrial,Political,Resort,Mining,,45.14,54.86,,,,,
II0,22,9,Marseille,France,1608236.00,6,Large City,Company,Educational,Political,Resort,,58.95,41.05,,,,,
,22,9,Lille,France,1063085.00,5,City,Company,Mining,Educational,,,49.67,50.33,,,,,
II0,22,9,Toulouse,France,1024166.00,5,City,Company,Temple,Resort,,,46.13,53.87,,,,,
,22,9,Bordeaux,France,968993.00,5,City,Educational,Company,,,,43.38,56.62,,,,,
,22,9,Nice,France,942208.00,5,City,Company,Educational,,,,40.99,59.01,,,,,
,22,9,Nantes,France,677766.00,5,City,Seaport,Resort,Temple,,,55.90,44.10,,,,,
,22,9,Toulon,France,579095.00,5,City,Industrial,Educational,Military,,,42.97,57.03,,,,,
,22,9,Grenoble,France,527720.00,5,City,Temple,Educational,Resort,,,51.36,48.64,,,,,
,22,9,Douai-Lens,France,500776.00,5,City,Resort,Mining,,,,49.01,50.99,,,,,
,,2,Libreville,Gabon,834204.00,5,City,Political,Seaport,,,,51.59,48.41,,,,,
,,9,Tbilisi,Georgia,1077833.00,5,City,Resort,Temple,Company,,,23.41,76.59,,,,,
,23,9,Berlin,Germany,3562038.00,6,Large City,Educational,Political,Company,Temple,,41.14,58.86,,,,,
IN8,23,9,Hamburg,Germany,1789954.00,6,Large City,Company,Industrial,Resort,,,43.26,56.74,,,,,
,23,9,Munich,Germany,1538302.00,6,Large City,Company,Mining,Military,,,17.65,82.35,,,,,
IN9,23,9,Cologne,Germany,1118789.00,5,City,Resort,Temple,,,,43.13,56.87,,,,,
IN9,23,9,Frankfurt,Germany,777156.00,5,City,Industrial,Company,,,,41.88,58.12,,,,,
,23,9,Stuttgart,Germany,632692.00,5,City,Temple,Company,,,,28.76,71.24,,,,,
,23,9,Duesseldorf,Germany,631942.00,5,City,Educational,Temple,,,,31.02,68.98,,,,,
IU0,23,9,Leipzig,Germany,591052.00,5,City,Company,Industrial,,,,42.14,57.86,,,,,
,23,9,Dortmund,Germany,589600.00,5,City,Seaport,Resort,Industrial,,,44.30,55.70,,,,,
IN9,23,9,Essen,Germany,582128.00,5,City,Company,Mining,,,,46.91,53.09,,,,,
IU0,23,9,Dresden,Germany,575476.00,5,City,Educational,Political,,,,29.74,70.26,,,,,
IN8,23,9,Bremen,Germany,565354.00,5,City,Temple,Company,,,,41.52,58.48,,,,,
IN8,23,9,Hannover,Germany,536976.00,5,City,Resort,Company,,,,41.86,58.14,,,,,
,23,9,Duisburg,Germany,515076.00,5,City,Industrial,Educational,,,,43.81,56.19,,,,,
,23,9,Nurenberg,Germany,511941.00,5,City,Political,Resort,,,,30.50,79.50,,,,,
,24,2,Kumasi,Ghana,3348062.00,6,Large City,Company,Industrial,Educational,Political,,40.75,59.25,,,,,
,24,2,Accra,Ghana,2514005.00,6,Large City,Industrial,Company,Resort,,,47.18,52.82,,,,,
,24,2,Sekondi Takoradi,Ghana,945519.00,5,City,Company,Industrial,Educational,,,48.52,51.48,,,,,
,24,2,Tamale,Ghana,641911.00,5,City,Resort,Mining,Company,,,49.50,51.50,,,,,
,93,10,Athens,Greece,3153355.00,6,Large City,Industrial,Company,Educational,,,52.30,47.70,,,,,
,93,10,Thessaloniki,Greece,812166.00,5,City,Educational,Company,,,,47.58,52.42,,,,,
,,,Guatemala City,Guatemala,2934841.00,6,Large City,Political,Industrial,,,,62.28,37.72,,,,,
,94,,Conakry,Guinea,1938272.00,6,Large City,Company,Industrial,Educational,Political,,66.91,33.09,,,,,
,,,Bissau,Guinea-Bissau,599714.00,5,City,Company,Mining,,,,51.47,48.53,,,,,
,,8,Port-au-Prince,Haiti,2773553.00,6,Large City,Seaport,Temple,Company,Political,,71.52,28.48,,,,,
,95,8,Tegucigalpa,Honduras,1444085.00,5,City,Educational,Industrial,,,,74.56,25.44,,,,,
,95,8,San Pedro Sula,Honduras,902751.00,5,City,Political,Mining,,,,80.04,19.96,,,,,
,92,6,Hong Kong,Hong Kong,7547652.00,6,Large City,Educational,Industrial,Company,,,21.73,78.27,,,,,
,,,Budapest,Hungary,1768073.00,6,Large City,Industrial,Company,Temple,,,36.05,63.95,,,,,
LP8,25,5,Delhi,India,30290936.00,7,Mega City,Industrial,Company,Educational,Political,,59.18,40.82,,,,,
LQ0,25,5,Mumbai,India,20411274.00,7,Mega City,Political,Educational,Company,Temple,,43.15,56.85,,,,,
,25,5,Kolkata,India,14850066.00,7,Mega City,Political,Resort,Industrial,Mining,,47.82,52.18,,,,,
,25,5,Bangalore,India,12326532.00,7,Mega City,Temple,Company,Resort,Educational,,54.11,45.89,,,,,
LW2,25,5,Chennai,India,10971108.00,7,Mega City,Military,Resort,Seaport,Industrial,,40.22,59.78,,,,,
,25,5,Hyderabad,India,10004144.00,7,Mega City,Mining,Company,Educational,Political,,43.96,56.04,,,,,
,25,5,Ahmedabad,India,8059441.00,6,Large City,Political,Educational,Mining,Company,,30.45,69.55,,,,,
LP9,25,5,Surat,India,7184590.00,6,Large City,Resort,Company,Educational,Temple,,35.03,64.97,,,,,
LQ0,25,5,Pune,India,6629347.00,6,Large City,Military,Industrial,Company,Resort,,41.32,58.68,,,,,
,25,5,Jaipur,India,3909333.00,6,Large City,Resort,Educational,Company,Mining,,34.58,65.42,,,,,
LV9,25,5,Lucknow,India,3676515.00,6,Large City,Political,Military,Mining,Company,,51.90,48.10,,,,,
,25,5,Kozhikode,India,3555411.00,6,Large City,Industrial,Company,Company,,,45.86,54.14,,,,,
,25,5,Malappuram,India,3391277.00,6,Large City,Mining,Temple,Educational,Company,,36.76,63.24,,,,,
,25,5,Kanpur,India,3123990.00,6,Large City,Resort,Industrial,Company,,,48.20,51.80,,,,,
LQ1,25,5,Kochi,India,3082055.00,6,Large City,Mining,Resort,Political,,,41.62,58.38,,,,,
,25,5,Thrissur,India,3068164.00,6,Large City,Industrial,Company,Educational,,,23.40,76.60,,,,,
LP9,25,5,Indore,India,3016713.00,6,Large City,Temple,Industrial,Educational,Company,,52.08,47.92,,,,,
LW0,25,5,Nagpur,India,2893455.00,6,Large City,Industrial,Resort,Company,,,39.31,60.69,,,,,
,25,5,Coimbatore,India,2786600.00,6,Large City,Resort,Seaport,Company,,,38.75,61.25,,,,,
LQ2,25,5,Thiruvananthapuram,India,2584752.00,6,Large City,Military,Educational,Company,,,39.91,60.09,,,,,
MC0,25,5,Patna,India,2436447.00,6,Large City,Temple,Political,Company,,,49.96,50.04,,,,,
,25,5,Bhopal,India,2389547.00,6,Large City,Educational,Company,Temple,,,47.06,52.94,,,,,
LV9,25,5,Agra,India,2210246.00,6,Large City,Industrial,Mining,Educational,Temple,,45.03,54.97,,,,,
,25,5,Vadodara,India,2189973.00,6,Large City,Seaport,Political,Mining,,,31.89,68.11,,,,,
MC2,25,5,Visakhapatnam,India,2174968.00,6,Large City,Industrial,Educational,Company,,,39.02,60.98,,,,,
,25,5,Kannur,India,2166906.00,6,Large City,Industrial,Company,Temple,Educational,,41.85,58.15,,,,,
LP9,25,5,Nashik,India,2065728.00,6,Large City,Political,Temple,Company,Resort,,22.96,77.04,,,,,
LW1,25,5,Vijayawada,India,2039845.00,6,Large City,Mining,Industrial,Company,,,37.40,62.60,,,,,
LJ8,25,5,Rajkot,India,1878032.00,6,Large City,Political,Temple,Mining,,,36.73,63.27,,,,,
,25,5,Ludhiana,India,1856849.00,6,Large City,Military,Military,Temple,Company,,51.45,48.55,,,,,
,25,5,Kollam,India,1851558.00,6,Large City,Resort,Mining,Temple,,,25.55,74.45,,,,,
LW2,25,5,Madurai,India,1734173.00,6,Large City,Resort,Company,,,,47.29,52.71,,,,,
,25,5,Meerut,India,1696440.00,6,Large City,Temple,Mining,Industrial,,,73.79,26.21,,,,,
,25,5,Varanasi,India,1664942.00,6,Large City,Military,Company,Resort,,,34.91,65.09,,,,,
LW0,25,5,Raipur,India,1642169.00,6,Large City,Political,Temple,Mining,,,31.11,68.89,,,,,
MC1,25,5,Jamshedpur,India,1599434.00,6,Large City,Resort,Temple,Educational,Company,,43.89,56.11,,,,,
,25,5,Srinagar,India,1585774.00,6,Large City,Industrial,Mining,Company,Educational,,32.19,67.81,,,,,
LP9,25,5,Aurangabad,India,1558412.00,6,Large City,Resort,Mining,Company,,,38.05,61.95,,,,,
,25,5,Tiruppur,India,1496389.00,5,City,Resort,Temple,Company,,,30.39,69.61,,,,,
LP8,25,5,Jodhpur,India,1471900.00,5,City,Educational,Industrial,Political,,,56.25,43.75,,,,,
,25,5,Jabalpur,India,1449787.00,5,City,Political,Resort,Temple,Company,,35.29,64.71,,,,,
,25,5,Ranchi,India,1439195.00,5,City,Resort,Military,Company,Temple,,53.18,46.82,,,,,
,25,5,Asansol,India,1431260.00,5,City,Educational,Temple,,,,43.90,56.10,,,,,
,25,5,Allahabad,India,1393723.00,5,City,Company,Resort,,,,42.61,57.39,,,,,
LP8,25,5,Kota,India,1386877.00,5,City,Temple,Mining,,,,29.66,70.34,,,,,
LV9,25,5,Gwalior,India,1378375.00,5,City,Company,Educational,,,,45.56,54.44,,,,,
,25,5,Amritsar,India,1377371.00,5,City,Industrial,Temple,Resort,,,37.61,62.39,,,,,
,25,5,Dhanbad,India,1331186.00,5,City,Educational,Mining,,,,36.19,63.81,,,,,
LV9,25,5,Bareilly,India,1255287.00,5,City,Temple,Resort,,,,42.10,57.90,,,,,
,25,5,Aligarh,India,1210554.00,5,City,Seaport,Military,,,,40.20,59.80,,,,,
,25,5,Mysore,India,1209836.00,5,City,Resort,Company,,,,47.38,52.62,,,,,
,25,5,Durg-Bhilainagar,India,1207637.00,5,City,Company,Political,Resort,,,43.50,56.50,,,,,
,25,5,Moradabad,India,1197000.00,5,City,Industrial,Company,,,,44.75,55.25,,,,,
LW2,25,5,Tiruchirappalli,India,1164668.00,5,City,Company,Mining,,,,38.51,61.49,,,,,
,25,5,Bhubaneswar,India,1162886.00,5,City,Political,Company,,,,32.05,67.95,,,,,
,25,5,Chandigarh,India,1148472.00,5,City,Resort,Temple,Mining,,,44.65,55.35,,,,,
,25,5,Guwahati,India,1116740.00,5,City,Industrial,Educational,,,,44.94,55.06,,,,,
LQ0,25,5,Hubli-Dharwad,India,1116728.00,5,City,Company,Temple,Resort,,,54.22,45.78,,,,,
,25,5,Salem,India,1102463.00,5,City,Resort,Temple,Industrial,,,29.46,70.54,,,,,
,25,5,Saharanpur,India,1054102.00,5,City,Political,Industrial,Company,,,41.40,58.60,,,,,
,25,5,Jalandhar,India,1053670.00,5,City,Educational,Industrial,,,,56.65,43.35,,,,,
,25,5,Solapur,India,1031037.00,5,City,Industrial,Temple,Educational,,,54.20,45.80,,,,,
,25,5,Siliguri,India,1020303.00,5,City,Political,Industrial,Mining,,,34.53,65.47,,,,,
,25,5,Warangal,India,959658.00,5,City,Educational,Company,Temple,,,23.37,76.63,,,,,
,25,5,Dehradun,India,918946.00,5,City,Industrial,Company,Resort,,,38.23,61.77,,,,,
,25,5,Bhiwandi,India,859435.00,5,City,Political,Industrial,,,,40.94,54.06,,,,,
,25,5,Guntur,India,854488.00,5,City,Resort,Educational,Company,,,36.03,63.97,,,,,
,25,5,Puducherry,India,836003.00,5,City,Industrial,Company,,,,49.40,50.60,,,,,
,25,5,Firozabad,India,821043.00,5,City,Political,Mining,,,,49.11,50.89,,,,,
LP8,25,5,Bikaner,India,771878.00,5,City,Temple,Resort,Company,,,43.14,56.86,,,,,
,25,5,Cherthala,India,764135.00,5,City,Political,Industrial,Company,,,44.50,55.50,,,,,
,25,5,Gorakhpur,India,758214.00,5,City,Company,Resort,,,,43.04,56.96,,,,,
,25,5,Amravati,India,752189.00,5,City,Educational,Company,Resort,,,52.14,47.86,,,,,
,25,5,Nellore,India,751034.00,5,City,Temple,Industrial,,,,43.24,56.76,,,,,
,25,5,Cuttack,India,742011.00,5,City,Industrial,Political,,,,46.50,53.50,,,,,
LQ0,25,5,Belgaum,India,724747.00,5,City,Resort,Company,,,,54.04,45.96,,,,,
,25,5,Muzaffarnagar,India,716748.00,5,City,Temple,Political,,,,27.70,72.30,,,,,
,25,5,Malegaon,India,715605.00,5,City,Industrial,Company,,,,65.25,34.75,,,,,
,25,5,Mangalore,India,713357.00,5,City,Educational,Mining,,,,25.33,74.67,,,,,
,25,5,Jammu,India,702085.00,5,City,Military,Temple,,,,32.98,67.02,,,,,
LJ8,25,5,Bhavnagar,India,700367.00,5,City,Industrial,Company,Political,,,11.95,88.05,,,,,
LQ1,25,5,Kottayam,India,696061.00,5,City,Resort,Educational,Political,,,28.78,71.22,,,,,
,25,5,Kayamkulam,India,694892.00,5,City,Temple,Industrial,Educational,,,45.86,54.14,,,,,
,25,5,Nanded Waghala,India,689771.00,5,City,Company,Political,Mining,,,44.74,55.26,,,,,
,25,5,Tirupati,India,679456.00,5,City,Political,Company,,,,37.64,62.36,,,,,
,25,5,Durgapur,India,675384.00,5,City,Company,Industrial,,,,44.20,55.80,,,,,
LQ0,25,5,Gulbarga,India,673027.00,5,City,Educational,Resort,,,,56.45,43.55,,,,,
,25,5,Kurnool,India,665186.00,5,City,Temple,Industrial,,,,45.50,54.50,,,,,
,25,5,Jamnagar,India,644738.00,5,City,Mining,Company,,,,29.36,70.64,,,,,
,25,5,Jhansi,India,642709.00,5,City,Temple,Resort,Company,,,39.95,60.05,,,,,
,25,5,Erode,India,634977.00,5,City,Industrial,Political,Temple,,,40.88,59.12,,,,,
,25,5,Bokaro Steel City,India,633551.00,5,City,Resort,Educational,Company,,,30.64,69.36,,,,,
,25,5,Raurkela,India,622636.00,5,City,Temple,Political,Educational,,,56.37,43.63,,,,,
LQ0,25,5,Kolhapur,India,619358.00,5,City,Political,Educational,,,,23.22,76.78,,,,,
,25,5,Ajmer,India,613617.00,5,City,Company,Political,,,,38.24,61.76,,,,,
LP9,25,5,Ujjain,India,607055.00,5,City,Temple,Company,,,,37.55,62.45,,,,,
,25,5,Bilaspur,India,599812.00,5,City,Company,Temple,Industrial,Educational,,18.53,81.47,,,,,
,25,5,Patiala,India,599186.00,5,City,Educational,Temple,Company,,,65.13,34.87,,,,,
LP8,25,5,Mathura,India,588334.00,5,City,Industrial,Temple,Resort,,,66.60,33.40,,,,,
LQ0,25,5,Sangli,India,583629.00,5,City,Military,Mining,,,,44.74,55.26,,,,,
MO2,25,5,Imphal,India,575625.00,5,City,Educational,Resort,,,,47.64,52.36,,,,,
MI2,25,5,Agartala,India,575073.00,5,City,Mining,Company,,,,24.51,75.49,,,,,
LP8,25,5,Udaipur,India,569224.00,5,City,Resort,Temple,,,,38.71,61.29,,,,,
LW2,25,5,Vellore,India,569048.00,5,City,Company,Industrial,,,,49.54,50.46,,,,,
LP9,25,5,Tirunelveli,India,565735.00,5,City,Resort,Company,,,,47.88,52.12,,,,,
MC0,25,5,Gaya,India,565253.00,5,City,Educational,Industrial,,,,15.56,84.44,,,,,
LP9,25,5,Jalgaon,India,564540.00,5,City,Company,Educational,Resort,,,44.74,55.26,,,,,
LW3,25,5,Thoothukkudi,India,560930.00,5,City,Industrial,Temple,Seaport,,,45.70,54.30,,,,,
LP7,25,5,Panipat,India,547952.00,5,City,Industrial,,,,,30.55,69.45,,,,,
LW1,25,5,Rajahmundry,India,543729.00,5,City,Political,Industrial,Temple,,,43.24,56.76,,,,,
LQ0,25,5,Bellary,India,520926.00,5,City,Industrial,,,,,30.64,69.36,,,,,
LW1,25,5,Kakinada,India,514227.00,5,City,Seaport,Industrial,Educational,,,23.46,76.54,,,,,
LQ1,25,5,Davanagere,India,511843.00,5,City,Political,Temple,,,,46.08,53.92,,,,,
NC0,25,5,Muzaffarpur,India,504158.00,5,City,Political,Temple,,,,27.70,72.30,,,,,
,26,6,Jakarta,Indonesia,10770487.00,7,Mega City,Company,Educational,Political,Seaport,,53.61,46.39,,,,,
,26,6,Bekasi,Indonesia,3394273.00,6,Large City,Industrial,Resort,Company,Temple,,35.85,64.15,,,,,
,26,6,Surabaya,Indonesia,2944403.00,6,Large City,Resort,Educational,Industrial,,,33.79,66.21,,,,,
,26,6,Depok,Indonesia,2727209.00,6,Large City,Military,Industrial,Company,,,60.44,39.56,,,,,
,26,6,Bandung,Indonesia,2580191.00,6,Large City,Educational,Political,Temple,,,40.41,59.59,,,,,
,26,6,Tangerang,Indonesia,2338547.00,6,Large City,Company,Resort,Political,,,45.84,54.16,,,,,
,26,6,Medan,Indonesia,2337958.00,6,Large City,Temple,Company,,,,51.24,48.76,,,,,
,26,6,Semarang,Indonesia,1866492.00,6,Large City,Educational,Mining,Seaport,,,40.33,59.67,,,,,
,26,6,Palembang,Indonesia,1722700.00,6,Large City,Industrial,Temple,Company,,,76.84,23.16,,,,,
,26,6,Makassar,Indonesia,1583553.00,6,Large City,Resort,Industrial,Political,Temple,,52.52,47.48,,,,,
,26,6,Batam,Indonesia,1546064.00,6,Large City,Company,Educational,Industrial,,,49.47,50.53,,,,,
,26,6,Pekan Baru,Indonesia,1204883.00,5,City,Industrial,Educational,,,,38.83,61.17,,,,,
,26,6,Bogor,Indonesia,1159719.00,5,City,Company,Temple,Resort,,,35.32,64.68,,,,,
,26,6,Bandar Lampung,Indonesia,1091512.00,5,City,Industrial,Educational,Company,,,46.23,53.77,,,,,
,26,6,Tasikmalaya,Indonesia,1056485.00,5,City,Mining,Resort,Educational,,,35.85,64.15,,,,,
,26,6,Samarinda,Indonesia,1010413.00,5,City,Company,Temple,Mining,,,47.58,52.42,,,,,
,26,6,Denpasar,Indonesia,986853.00,5,City,Resort,Political,Educational,,,28.93,71.07,,,,,
,26,6,Padang,Indonesia,980455.00,5,City,Company,Industrial,Educational,,,45.80,54.20,,,,,
,26,6,Malang,Indonesia,886620.00,5,City,Resort,Temple,Company,,,29.21,70.79,,,,,
,26,6,Banjarmasin,Indonesia,732005.00,5,City,Industrial,Educational,,,,46.20,53.80,,,,,
,26,6,Bali,Indonesia,682065.00,5,City,Company,Resort,,,,47.58,52.42,,,,,
,26,6,Pontianak,Indonesia,667910.00,5,City,Political,Mining,,,,40.41,59.59,,,,,
,26,6,Jambi,Indonesia,626192.00,5,City,Educational,Company,,,,25.88,74.12,,,,,
,26,6,Surakarta,Indonesia,527279.00,5,City,Industrial,Educational,,,,12.18,87.82,,,,,
,26,6,Ambon,Indonesia,513457.00,5,City,Mining,Company,,,,24.88,73.12,,,,,
,26,6,Mataram,Indonesia,505024.00,5,City,Resort,Company,Industrial,,,45.84,54.16,,,,,
,27,14,Tehran,Iran,9134708.00,6,Large City,Company,Educational,Political,,,53.90,46.1,,,,,
,27,14,Mashhad,Iran,3208336.00,6,Large City,Industrial,Company,Resort,Educational,,49.14,50.86,,,,,
,27,14,Esfahan,Iran,2132037.00,6,Large City,Temple,Industrial,Educational,,,35.00,65.00,,,,,
,27,14,Shiraz,Iran,1651362.00,6,Large City,Company,Mining,Resort,,,49.94,50.06,,,,,
,27,14,Tabriz,Iran,1611133.00,6,Large City,Educational,Political,Industrial,,,33.89,66.11,,,,,
,27,14,Karaj,Iran,1580413.00,6,Large City,Temple,Educational,Seaport,Political,,61.55,38.45,,,,,
,27,14,Qom,Iran,1287937.00,5,City,Political,Resort,Temple,,,51.20,49.80,,,,,
,27,14,Ahvaz,Iran,1244250.00,5,City,Temple,Industrial,Mining,,,70.23,29.77,,,,,
,27,14,Kermanshah,Iran,1025740.00,5,City,Temple,Mining,Industrial,,,46.20,53.80,,,,,
,27,14,Orumiyeh,Iran,793044.00,5,City,Mining,Resort,,,,40.40,59.60,,,,,
,27,14,Rasht,Iran,712715.00,5,City,Educational,Company,,,,33.95,66.05,,,,,
,27,14,Zahedan,Iran,609873.00,5,City,Industrial,Educational,,,,41.03,58.97,,,,,
,27,14,Bandar Abbas,Iran,606633.00,5,City,Company,Temple,,,,37.50,62.50,,,,,
,27,14,Hamadan,Iran,577808.00,5,City,Resort,Educational,,,,39.50,60.50,,,,,
,27,14,Ardabil,Iran,567912.00,5,City,Political,Company,,,,35.85,64.15,,,,,
,27,14,Yazd,Iran,565449.00,5,City,Industrial,Resort,,,,31.13,68.87,,,,,
,27,14,Arak,Iran,551006.00,5,City,Industrial,Resort,,,,65.44,34.56,,,,,
,27,14,Kerman,Iran,541485.00,5,City,Resort,Temple,,,,42.26,57.74,,,,,
KF1,28,14,Baghdad,Iraq,7144260.00,6,Large City,Industrial,Company,Educational,,,63.29,36.71,,,,,
,28,14,Mosul,Iraq,1629932.00,6,Large City,Political,Educational,Temple,Company,,94.12,5.88,,,,,
KL2,28,14,Basrah,Iraq,1352210.00,5,City,Industrial,Resort,,,,57.02,42.98,,,,,
,28,14,Kirkuk,Iraq,1012614.00,5,City,Temple,Seaport,,,,47.06,52.94,,,,,
KF1,28,14,Najaf,Iraq,873744.00,5,City,Industrial,Temple,Company,,,41.18,58.82,,,,,
KF0,28,14,Erbil,Iraq,846374.00,5,City,Educational,Industrial,,,,33.97,66.03,,,,,
KF0,28,14,Sulaimaniya,Iraq,739182.00,5,City,Company,Temple,Political,,,45.00,55.00,,,,,
KL2,28,14,Amara,Iraq,655663.00,5,City,Political,Industrial,,,,51.20,49.80,,,,,
KF1,28,14,Nasiriyah,Iraq,616994.00,5,City,Company,Industrial,,,,45.84,54.16,,,,,
KF1,28,14,Hillah,Iraq,604149.00,5,City,Resort,Temple,,,,47.58,52.42,,,,,
KF1,28,14,Karbala,Iraq,555073.00,5,City,Industrial,Educational,,,,47.06,52.94,,,,,
,28,14,Diwaniyah,Iraq,513369.00,5,City,Educational,Company,,,,46.20,53.80,,,,,
HV5,29,9,Dublin,Ireland,1228179.00,5,City,Company,Industrial,Seaport,,,49.54,50.46,,,,,
JS9,30,14,Tel Aviv,Israel,4181479.00,6,Large City,Military,Company,Political,Resort,,25.23,74.77,,,,,
JS9,30,14,Haifa,Israel,1147431.00,5,City,Company,Temple,Educational,,,27.39,72.61,,,,,
JS9,30,14,Jerusalem,Israel,931756.00,5,City,Political,Industrial,,,,36.34,63.66,,,,,
JS9,30,14,Be'er Sheva,Israel,637539.00,5,City,Temple,Company,,,,47.26,52.74,,,,,
IU2,31,9,Rome,Italy,4257056.00,6,Large City,Company,Political,Educational,Temple,,52.13,47.87,,,,,
IO0,31,9,Milan,Italy,3140181.00,6,Large City,Industrial,Resort,Mining,,,43.56,56.44,,,,,
IU3,31,9,Naples,Italy,2186853.00,6,Large City,Resort,Temple,Educational,Company,,57.63,42.37,,,,,
IO1,31,9,Turin,Italy,1792163.00,6,Large City,Industrial,Company,Political,Temple,,50.28,49.72,,,,,
,31,9,Bergamo,Italy,892089.00,5,City,Educational,Company,,,,32.85,67.15,,,,,
IU3,31,9,Palermo,Italy,851146.00,5,City,Temple,Educational,,,,46.94,53.06,,,,,
IU2,31,9,Bologna,Italy,805986.00,5,City,Company,Industrial,,,,44.71,55.29,,,,,
IU2,31,9,Florence,Italy,708357.00,5,City,Political,Educational,Temple,,,38.25,61.75,,,,,
,31,9,Padova,Italy,683604.00,5,City,Seaport,Mining,Company,,,41.52,58.48,,,,,
IO2,31,9,Genoa,Italy,679613.00,5,City,Political,Mining,,,,43.16,56.84,,,,,
,31,9,Busto Arsizio,Italy,654258.00,5,City,Resort,Military,,,,30.15,69.85,,,,,
,31,9,Venezia,Italy,637245.00,5,City,Resort,Company,Temple,,,36.93,63.07,,,,,
IU2,31,9,Verona,Italy,629658.00,5,City,Industrial,Resort,Company,,,30.61,69.39,,,,,
JA4,31,9,Bari,Italy,622377.00,5,City,Temple,Educational,,,,49.72,50.28,,,,,
,31,9,Seregno,Italy,619871.00,5,City,Industrial,Company,,,,44.21,55.79,,,,,
,31,9,Catania,Italy,585877.00,5,City,Political,Educational,Resort,,,60.88,39.12,,,,,
,32,2,Abidjan,Ivory Coast,5202762.00,6,Large City,Company,Political,Educational,Industrial,,55.85,44.15,,,,,
,33,2,Bouake,Ivory Coast,571876.00,5,City,Company,Temple,,,,52.50,47.50,,,,,
,34,13,Kingston,Jamaica,590940.00,5,City,Industrial,Educational,,,,30.87,69.13,,,,,
OQ9,35,6,Tokyo,Japan,37393128.00,7,Mega City,Industrial,Company,Temple,Educational,,23.29,76.71,,,,,
OK8,35,6,Osaka,Japan,19165340.00,7,Mega City,Company,Resort,Temple,Mining,,29.87,70.13,,,,,
OK8,35,6,Nagoya,Japan,9552132.00,6,Large City,Educational,Company,Political,,,9.71,90.29,,,,,
OE7,35,6,Fukuoka,Japan,5528632.00,6,Large City,Industrial,Educational,Political,Temple,,18.59,81.41,,,,,
,35,6,Shizuoka,Japan,2922320.00,6,Large City,Resort,Military,Company,Temple,,5.88,94.12,,,,,
OQ7,35,6,Sapporo,Japan,2669680.00,6,Large City,Industrial,Resort,Company,,,7.37,92.63,,,,,
OQ8,35,6,Sendai,Japan,2327417.00,6,Large City,Company,Industrial,Resort,,,11.64,88.36,,,,,
OE7,35,6,Hiroshima,Japan,2083223.00,6,Large City,Company,Military,Mining,,,35.56,64.44,,,,,
OK7,35,6,Niigata,Japan,804298.00,5,City,Educational,Temple,,,,32.80,67.20,,,,,
OE8,35,6,Kumamoto,Japan,742612.00,5,City,Temple,Industrial,,,,61.76,38.24,,,,,
,35,6,Okayama,Japan,724696.00,5,City,Educational,Company,,,,25.60,64.40,,,,,
OE8,35,6,Kagoshima,Japan,591042.00,5,City,Seaport,Political,,,,4.41,95.59,,,,,
,35,6,Utsunomiya,Japan,522100.00,5,City,Company,Political,,,,2.45,97.55,,,,,
OE7,35,6,Matsuyama,Japan,509958.00,5,City,Resort,Educational,,,,-,-,,,,,
,84,14,Amman,Jordan,2148293.00,6,Large City,Industrial,Educational,Company,Temple,,38.72,61.28,,,,,
,84,14,Zarqa,Jordan,729220.00,5,City,Political,Industrial,,,,39.20,68.80,,,,,
,84,14,Irbid,Jordan,1911600.00,6,Large City,Educational,Resort,,,,45.07,54.93,,,,,
,84,14,Ar-Rusayfah,Jordan,523543.00,5,City,Temple,Mining,Political,,,40.73,59.27,,,,,
LP4,83,4,Almaty,Kazakhstan,1895742.00,6,Large City,Company,Industrial,Temple,Educational,,65.80,34.20,,,,,
,83,4,Astana,Kazakhstan,1165983.00,5,City,Political,Educational,,,,33.81,66.19,,,,,
,83,4,Shimkent,Kazakhstan,1057936.00,5,City,Resort,Industrial,Company,,,58.82,41.18,,,,,
,83,4,Karaganda,Kazakhstan,504946.00,5,City,Educational,Resort,,,,53.80,56.20,,,,,
,85,2,Nairobi,Kenya,4734881.00,6,Large City,Company,Resort,Political,Industrial,,60.68,39.32,,,,,
,85,2,Mombasa,Kenya,1295975.00,5,City,Educational,Temple,Company,,,72.90,27.10,,,,,
,86,14,Kuwait City,Kuwait,3114553.00,6,Large City,Company,Industrial,Educational,Resort,,31.74,68.26,,,,,
,84,4,Bishkek,Kyrgyzstan,1038429.00,5,City,Educational,Company,Industrial,,,53.19,46.81,,,,,
,,4,Vientiane,Laos,682542.00,5,City,Industrial,Resort,,,,38.50,61.50,,,,,
,,9,Riga,Latvia,630692.00,5,City,Political,Company,,,,37.93,62.07,,,,,
,88,14,Beirut,Lebanon,2424425.00,6,Large City,Company,Industrial,Political,Resort,,46.96,53.04,,,,,
,87,2,Monrovia,Liberia,1517235.00,6,Large City,Political,Seaport,Educational,Temple,,82.27,17.73,,,,,
IU5,82,1,Tripoli,Libya,3072000.00,5,Large City,Temple,Industrial,Political,,s,64.27,35.73,,,,,
IU5,82,1,Misratah,Libya,881319.00,5,City,Educational,Company,Seaport,,,55.56,44.44,,,,,
JA6,82,1,Banghazi,Libya,823974.00,5,City,Industrial,Company,,,,62.39,37.61,,,,,
,,10,Vilnius,Lithuania,538894.00,5,City,Temple,Company,Resort,,,27.59,72.41,,,,,
,,2,Antananarivo,Madagascar,3368585.00,6,Large City,Industrial,Company,Educational,Political,,60.18,39.82,,,,,
JT8,,3,Lilongwe,Malawi,1121720.00,5,City,Educational,Company,Political,,,50.55,49.45,,,,,
JT8,,3,Blantyre-Limbe,Malawi,932263.00,5,City,Temple,Resort,,,,55.39,44.61,,,,,
,81,6,Kuala Lumpur,Malaysia,7996830.00,6,Large City,Company,Political,Educational,Temple,,64.88,35.12,,,,,
,81,6,Johor Bahru,Malaysia,1023900.00,5,City,Resort,Temple,Company,,,55.75,44.25,,,,,
,81,6,Ipoh,Malaysia,813553.00,5,City,Industrial,Political,,,,64.35,35.65,,,,,
,81,6,Kuching,Malaysia,611566.00,5,City,Company,Mining,,,,47.16,52.84,,,,,
,81,6,Kota Kinabalu,Malaysia,549586.00,5,City,Political,Company,,,,54.65,45.35,,,,,
,81,6,Kuantan,Malaysia,502866.00,5,City,Temple,Resort,Educational,,,44.12,55.88,,,,,
,,1,Bamako,Mali,2617686.00,6,Large City,Company,Temple,Political,,,43.20,56.80,,,,,
,,1,Nouakchott,Mauritania,1314636.00,5,City,Resort,Industrial,,,,44.93,55.07,,,,,
DQ6,36,8,Mexico City,Mexico,21782378.00,7,Mega City,Military,Company,Resort,Political,,69.25,30.75,,,,,
DK4,36,8,Guadalajara,Mexico,5179479.00,6,Large City,Company,Political,Educational,Temple,,62.19,37.81,,,,,
DQ4,36,8,Monterrey,Mexico,4874095.00,6,Large City,Resort,Educational,Industrial,,,49.79,50.21,,,,,
DQ6,36,8,Puebla,Mexico,3194848.00,6,Large City,Company,Political,Educational,,,64.99,35.01,,,,,
DQ6,36,8,Toluca de Lerdo,Mexico,2467241.00,6,Large City,Company,Political,Educational,,,66.96,30.04,,,,,
CY0,36,8,Tijuana,Mexico,2140398.00,6,Large City,Political,Industrial,Resort,Military,,67.94,32.06,,,,,
,36,8,Leon de los Aldamas,Mexico,1825080.00,6,Large City,Mining,Temple,Company,,,66.83,33.17,,,,,
,36,8,La Laguna,Mexico,1614854.00,6,Large City,Company,Political,Educational,,,39.49,60.51,,,,,
,36,8,Ciudad Juarez,Mexico,1519214.00,6,Large City,Temple,Mining,Company,Industrial,,68.49,31.51,,,,,
,36,8,Queretaro,Mexico,1339103.00,5,City,Resort,Seaport,,,,36.65,63.35,,,,,
,36,8,San Luis Potosi,Mexico,1216564.00,5,City,Company,Educational,,,,57.26,42.74,,,,,
EC7,36,8,Merida,Mexico,1161475.00,5,City,Resort,Political,,,,26.48,73.52,,,,,
CY0,36,8,Mexicali,Mexico,1120872.00,5,City,Industrial,Company,Temple,,,59.70,40.30,,,,,
DQ5,36,8,Aguascalientes,Mexico,1106453.00,5,City,Resort,Mining,Company,,,36.60,63.40,,,,,
DQ6,36,8,Cuernavaca,Mexico,1075022.00,5,City,Educational,Temple,Political,,,71.02,28.98,,,,,
DK3,36,8,Chihuahua,Mexico,1054766.00,5,City,Company,Industrial,Military,,,64.86,35.14,,,,,
DQ5,36,8,Tampico,Mexico,1001278.00,5,City,Company,Political,Resort,Temple,,54.38,45.62,,,,,
DQ4,36,8,Saltillo,Mexico,983784.00,5,City,Industrial,Educational,,,,48.81,51.19,,,,,
DQ6,36,8,Acapulco de Juarez,Mexico,979381.00,5,City,Educational,Political,,,,69.21,30.79,,,,,
,36,8,Morelia,Mexico,948793.00,5,City,Industrial,Company,,,,54.91,45.09,,,,,
EI8,36,8,Cancun,Mexico,943922.00,5,City,Political,Company,Educational,,,52.52,47.48,,,,,
DW7,36,8,Veracruz Ver,Mexico,918529.00,5,City,Educational,Industrial,Seaport,,,50.34,49.66,,,,,
,36,8,Reynosa,Mexico,899084.00,5,City,Educational,Company,,,,70.10,29.10,,,,,
DW7,36,8,Villahermosa,Mexico,898461.00,5,City,Company,Political,Temple,,,53.78,46.22,,,,,
DE2,36,8,Hermosillo,Mexico,867885.00,5,City,Temple,Company,,,,48.76,51.24,,,,,
DW7,36,8,Tuxtla Gutierrez,Mexico,847924.00,5,City,Industrial,Temple,,,,52.46,47.54,,,,,
DK3,36,8,Culiacan,Mexico,839054.00,5,City,Resort,Company,,,,52.52,47.48,,,,,
DW7,36,8,Xalapa,Mexico,775620.00,5,City,Company,Educational,,,,66.28,33.72,,,,,
,36,8,Oaxaca de Juarez,Mexico,704559.00,5,City,Resort,Company,Temple,,,31.11,68.89,,,,,
,36,8,Celaya,Mexico,680971.00,5,City,Company,Temple,,,,81.69,18.31,,,,,
,36,8,Pachuca de Soto,Mexico,633453.00,5,City,Resort,Company,Military,,,53.20,46.80,,,,,
,36,8,Durango,Mexico,630982.00,5,City,Temple,Seaport,Resort,,,44.55,55.45,,,,,
,36,8,Tlaxcala,Mexico,596362.00,5,City,Company,Educational,,,,54.38,45.62,,,,,
,36,8,Poza Rica de Hidalgo,Mexico,564578.00,5,City,Industrial,Company,,,,51.64,48.36,,,,,
,36,8,Matamoros,Mexico,562755.00,5,City,Company,Educational,,,,57.11,42.89,,,,,
dk4,36,8,Tepic,Mexico,545941.00,5,City,Political,Temple,Industrial,,,68.83,31.17,,,,,
,36,8,Cuautla Morelos,Mexico,516755.00,5,City,Educational,Resort,Industrial,,,52.52,47.48,,,,,
DK4,36,8,Puerto Vallarta,Mexico,515909.00,5,City,Temple,Military,Company,,,34.13,65.87,,,,,
,37,6,Ulaanbaatar,Mongolia,1584358.00,6,Large City,Company,Political,Educational,Temple,,55.56,44.44,,,,,
HW1,38,1,Casablanca,Morocco,3752357.00,6,Large City,Industrial,Resort,Political,Temple,,55.17,44.83,,,,,
HW0,38,1,Rabat,Morocco,1884802.00,6,Large City,Educational,Resort,Company,,,35.49,64.51,,,,,
HW0,38,1,Fes,Morocco,1224080.00,5,City,Political,Resort,,,,50.98,49.02,,,,,
HW0,38,1,Tanger,Morocco,1197923.00,5,City,Resort,Seaport,Temple,,,52.82,47.18,,,,,
HW1,38,1,Marrakech,Morocco,1002709.00,5,City,Company,Temple,Educational,,,43.62,56.38,,,,,
HW1,38,1,Agadir,Morocco,923552.00,5,City,Industrial,Resort,Resort,Seaport,,38.66,61.34,,,,,
IC1,38,1,Oujda,Morocco,558524.00,5,City,Temple,Political,,,,42.50,57.50,,,,,
HW0,38,1,Meknes,Morocco,553755.00,5,City,Company,Resort,Mining,,,67.75,32.25,,,,,
,39,3,Matola,Mozambique,1705886.00,6,Large City,Industrial,Company,Resort,Educational,,61.32,38.68,,,,,
JU1,39,3,Maputo,Mozambique,1110477.00,5,City,Resort,Temple,Company,,,57.58,42.42,,,,,
JZ9,39,3,Nampula,Mozambique,848096.00,5,City,Political,Educational,,,,63.30,36.70,,,,,
JT9,39,3,Beira,Mozambique,569911.00,5,City,Industrial,Company,Resort,,,87.25,12.75,,,,,
MO4,90,6,Yangon,Myanmar,5331800.00,6,Large City,Company,Industrial,Political,Educational,,49.56,50.44,,,,,
MO3,90,6,Mandalay,Myanmar,1437554.00,5,City,Mining,Mining,Temple,,,52.17,47.83,,,,,
MO3,90,6,Nay Pyi Taw,Myanmar,593596.00,5,City,Resort,Educational,Industrial,,,49.87,50.13,,,,,
MC0,25,,Kathmandu,Nepal,1423515.00,5,City,Resort,Temple,,,,35.75,64.25,,,,,
,89,9,Amsterdam,Netherlands,1148972.00,5,City,Educational,Company,,,,33.68,66.32,,,,,
,89,9,Rotterdam,Netherlands,1010026.00,5,City,Company,Temple,Industrial,,,35.87,64.13,,,,,
,89,9,The Hague,Netherlands,697564.00,5,City,Industrial,Temple,Educational,,,25.46,74.54,,,,,
,89,9,Utrecht,Netherlands,544389.00,5,City,Political,Resort,,,,27.76,72.24,,,,,
,,11,Auckland,New Zealand,1606564.00,6,Large City,Seaport,Resort,,,,46.03,53.97,,,,,
,,8,Managua,Nicaragua,1063698.00,5,City,Company,Resort,Resort,,,54.89,45.11,,,,,
,91,,Niamey,Niger,1291848.00,5,City,,,,,,,,,,,,
,40,2,Lagos,Nigeria,14368332.00,7,Mega City,,Resort,,,,64.82,35.18,,,,,
,40,2,Kano,Nigeria,3999050.00,6,Large City,,,,,,56.25,68.75,,,,,
,40,2,Ibadan,Nigeria,3551961.00,6,Large City,,,,,,53.57,55.62,,,,,
,40,2,Abuja,Nigeria,3277740.00,6,Large City,Political,,,,,58.98,40.43,,,,,
,40,2,Biu,Nigeria,246900.00,4,Small City,,,,,,,,,,,,
,40,2,Port Harcourt,Nigeria,3020232.00,6,Large City,Industrial,,,,,69.97,30.03,,,,,
,40,2,Benin,Nigeria,1727169.00,6,Large City,,,,,,70.17,29.83,,,,,
,40,2,Onitsha,Nigeria,1414790.00,5,City,,,,,,,,,,,,
,40,2,Uyo,Nigeria,1135775.00,5,City,,,,,,,,,,,,
,40,2,Kaduna,Nigeria,1113210.00,5,City,,,,,,,,,,,,
,40,2,Gombe,Nigeria,550824.00,5,City,,,,,,,,,,,,
,40,2,Aba,Nigeria,1081466.00,5,City,,,,,,,,,,,,
,40,2,Nnewi,Nigeria,1050860.00,5,City,,,,,,,,,,,,
,40,2,Ilorin,Nigeria,949866.00,5,City,,,,,,,,,,,,
,40,2,Ikorodu,Nigeria,937615.00,5,City,,,,,,,,,,,,
,40,2,Jos,Nigeria,895288.00,5,City,,,,,,,,,,,,
,40,2,Owerri,Nigeria,872604.00,5,City,Resort,,,,,,,,,,,
,40,2,Warri,Nigeria,855941.00,5,City,Industrial,,,,,,,,,,,
,40,2,Maiduguri,Nigeria,786485.00,5,City,,,,,,,,,,,,
,40,2,Umuahia,Nigeria,773822.00,5,City,,,,,,,,,,,,
,40,2,Enugu,Nigeria,772872.00,5,City,Educational,Mining,,,,,,,,,,
,40,2,Zaria,Nigeria,726172.00,5,City,,,,,,,,,,,,
,40,2,Oshogbo,Nigeria,713677.00,5,City,,,,,,,,,,,,
,40,2,Lokoja,Nigeria,692050.00,5,City,,,,,,,,,,,,
,40,2,Akure,Nigeria,484798.00,5,City,Educational,,,,,,,,,,,
,40,2,Sokoto,Nigeria,641249.00,5,City,,,,,,,,,,,,
,40,2,Bauchi,Nigeria,597679.00,5,City,,,,,,,,,,,,
,40,2,Calabar,Nigeria,579273.00,5,City,Resort,Seaport,,,,,,,,,,
,40,2,Abakaliki,Nigeria,572028.00,5,City,,,,,,,,,,,,
,40,2,Ogbomosho,Nigeria,551474.00,5,City,,,,,,,,,,,,
,40,2,Abeokuta,Nigeria,532856.00,5,City,,,,,,,,,,,,
,40,2,Gombe,Nigeria,508575.00,5,City,,,,,,,,,,,,
,41,6,Pyongyang,North Korea,3084244.00,6,Large City,,,,,,,,,,,,
,41,6,Chongjin,North Korea,642447.00,5,City,,,,,,,,,,,,
,41,6,Hamhung,North Korea,548992.00,5,City,,,,,,,,,,,,
IN6,,,Hell,Norway,,5,City,,,,,,35.01,64.99,,,,,
IN6,,,,Norway,,5,City,,,,,,35.01,64.99,,,,,
IN6,,9,Oslo,Norway,1041377.00,5,City,Company,Educational,Political,Seaport,,35.01,64.99,,,,,
,,14,Muscat,Oman,1549729.00,6,Large City,,,,,,21.07,78.93,,,,,
LD6,42,14,Karachi,Pakistan,16093786.00,7,Mega City,,,,,,54.46,45.54,,,,,
LP7,42,14,Lahore,Pakistan,12642423.00,7,Mega City,,,,,,39.56,60.44,,,,,
LP7,42,14,Faisalabad,Pakistan,3462295.00,6,Large City,,,,,,,,,,,,
,42,14,Rawalpindi,Pakistan,2236905.00,6,Large City,,,,,,53.87,46.13,,,,,
,42,14,Gujranwala,Pakistan,2229220.00,6,Large City,,,,,,,,,,,,
,42,14,Peshawar,Pakistan,2202946.00,6,Large City,,,,,,,,,,,,
LJ6,42,14,Multan,Pakistan,2015091.00,6,Large City,,,,,,,,,,,,
LJ7,42,14,Hyderabad,Pakistan,1849829.00,6,Large City,Political,Industrial,,,,43.96,56.04,,,,,
LP6,42,14,Islamabad,Pakistan,1129198.00,5,City,Company,,,,,28.92,71.08,,,,,
LD5,42,14,Quetta,Pakistan,1099546.00,5,City,Political,Industrial,Military,,,,,,,,,
LJ6,42,14,Bahawalpur,Pakistan,844673.00,5,City,Industrial,,,,,,,,,,,
,42,14,Sialkot,Pakistan,705121.00,5,City,,,,,,,,,,,,
,42,14,Sargodha,Pakistan,700095.00,5,City,,,,,,,,,,,,
,42,14,Sukkur,Pakistan,534486.00,5,City,,,,,,,,,,,,
,42,14,Larkana,Pakistan,534288.00,5,City,,,,,,,,,,,,
,42,14,Sheikhupura,Pakistan,517342.00,5,City,,,,,,,,,,,,
,,14,Gaza,Palestine,713621.00,5,City,,,,,,,,,,,,
,,8,Panama City,Panama,1860291.00,6,Large City,,,,,,46.75,53.25,,,,,
,,12,Asuncion,Paraguay,3336562.00,6,Large City,,,,,,49.00,51.00,,,,,
,43,12,Lima,Peru,10719188.00,7,Mega City,,,,,,69.95,30.05,,,,,
,43,12,Arequipa,Peru,922999.00,5,City,,,,,,,,,,,,
,43,12,Trujillo,Peru,864633.00,5,City,,,,,,,,,,,,
,43,12,Chiclayo,Peru,637255.00,5,City,,,,,,,,,,,,
,44,6,Manila,Philippines,13923452.00,7,Mega City,,,,,,64.39,35.61,,,,,
,44,6,Davao City,Philippines,1825450.00,6,Large City,,,,,,27.81,72.19,,,,,
,44,6,Cebu City,Philippines,980070.00,5,City,,,,,,51.17,48.83,,,,,
,44,6,Zamboanga City,Philippines,917477.00,5,City,,,,,,,,,,,,
,44,6,Antipolo,Philippines,881018.00,5,City,,,,,,,,,,,,
,44,6,Cagayan de Oro City,Philippines,753138.00,5,City,,,,,,,,,,,,
,44,6,Dasmarinas,Philippines,747208.00,5,City,,,,,,,,,,,,
,44,6,Bacoor,Philippines,686398.00,5,City,,,,,,,,,,,,
,44,6,General Santos City,Philippines,652723.00,5,City,,,,,,,,,,,,
,44,6,Bacolod,Philippines,613437.00,5,City,,,,,,,,,,,,
,44,6,San Jose del Monte,Philippines,607692.00,5,City,,,,,,46.53,53.47,,,,,
,44,6,Basilan City,Philippines,533135.00,5,City,,,,,,,,,,,,
,44,6,Imus,Philippines,527779.00,5,City,,,,,,,,,,,,
,44,6,Calamba,Philippines,524577.00,5,City,,,,,,,,,,,,
,44,6,Angeles City,Philippines,509765.00,5,City,,,,,,,,,,,,
,77,,Warsaw,Poland,1783251.00,6,Large City,,,,,,26.44,73.56,,,,,
,77,,Krakow,Poland,768731.00,5,City,,,,,,,,,,,,
,77,,Lodz,Poland,676830.00,5,City,,,,,,42.24,57.76,,,,,
,77,,Wroclaw,Poland,641401.00,5,City,,,,,,27.32,72.68,,,,,
,77,,Poznan,Poland,531030.00,5,City,,,,,,27.93,72.07,,,,,
,78,,Lisbon,Portugal,2956879.00,6,Large City,,,,,,28.24,71.76,,,,,
,78,,Porto,Portugal,1312947.00,5,City,,,,,,36.42,63.58,,,,,
,76,12,San Juan,Puerto Rico,2448417.00,6,Large City,,,,,,69.00,31.00,,,,,
,79,14,Ar-Rayyan,Qatar,737903.00,5,City,,,,,,,,,,,,
,79,14,Doha,Qatar,641380.00,5,City,,,,,,12.04,87.96,,,,,
,75,,Brazzaville,Republic of the Congo,2388090.00,6,Large City,,,,,,,,,,,,
,75,,Pointe-Noire,Republic of the Congo,1214281.00,5,City,,,,,,,,,,,,
,80,,Bucharest,Romania,1803247.00,6,Large City,,,,,,27.98,72.02,,,,,
JY3,45,10,Moscow,Russia,12537954.00,7,Mega City,Political,Temple,Educational,Industrial,,38.77,61.23,,,,,
JM0,45,10,Saint Petersburg,Russia,5467808.00,6,Large City,Seaport,Educational,,,,39.43,60.57,,,,,
MB3,45,10,Novosibirsk,Russia,1663748.00,6,Large City,Educational,Industrial,,,,46.57,53.43,,,,,
KW7,45,10,Yekaterinburg,Russia,1503812.00,6,Large City,Industrial,Military,,,,47.08,52.92,,,,,
,45,10,Dolgoprudny,Russia,108861.00,3,Town,Industrial,,,,,no data found,no data found,,,,,
KK5,45,10,Kazan,Russia,1272063.00,5,City,Political,Military,Industrial,,,34.39,65.61,,,,,
,45,10,Nizhniy Novgorod,Russia,1257754.00,5,City,,,,,,,,,,,,
,45,10,Chelyabinsk,Russia,1227795.00,5,City,,,,,,,,,,,,
,45,10,Omsk,Russia,1182339.00,5,City,Military,Mining,,,,37.09,62.91,,,,,
,45,10,Samara,Russia,1163296.00,5,City,,,,,,,,,,,,
,45,10,Krasnoyarsk,Russia,1137494.00,5,City,,,,,,,,,,,,
,45,10,Ufa,Russia,1136291.00,5,City,,,,,,,,,,,,
,45,10,Rostov-on-Don,Russia,1136201.00,5,City,,,,,,,,,,,,
,45,10,Perm,Russia,1071419.00,5,City,,,,,,,,,,,,
,45,10,Voronezh,Russia,1067719.00,5,City,,,,,,,,,,,,
,45,10,Volgograd,Russia,1004688.00,5,City,,,,,,,,,,,,
,45,10,Krasnodar,Russia,957214.00,5,City,,,,,,,,,,,,
,45,10,Tyumen,Russia,843196.00,5,City,,,,,,,,,,,,
,45,10,Saratov,Russia,842680.00,5,City,,,,,,,,,,,,
,45,10,Tolyatti,Russia,700252.00,5,City,,,,,,,,,,,,
,45,10,Izhevsk,Russia,651338.00,5,City,,,,,,,,,,,,
,45,10,Barnaul,Russia,639783.00,5,City,,,,,,,,,,,,
,45,10,Irkutsk,Russia,638843.00,5,City,,,,,,,,,,,,
OK5,45,10,Khabarovsk,Russia,633151.00,5,City,,,,,,,,,,,,
,45,10,Murmansk,Russia,299148.00,5,City,Seaport,Political,,,,,,,,,,
,45,10,Ulyanovsk,Russia,624896.00,5,City,,,,,,,,,,,,
,45,10,Yaroslavl,Russia,612365.00,5,City,,,,,,,,,,,,
OE5,45,10,Vladivostok,Russia,609754.00,5,City,Seaport,Resort,,,,,,,,,,
,45,10,Makhachkala,Russia,599792.00,5,City,,,,,,,,,,,,
,45,10,Tomsk,Russia,595642.00,5,City,,,,,,,,,,,,
,45,10,Orenburg,Russia,568812.00,5,City,,,,,,,,,,,,
,45,10,Kemerovo,Russia,565759.00,5,City,,,,,,,,,,,,
JA0,45,10,Kaliningrad,Russia,437456.00,5,City,Seaport,,,,,,,,,,,
KQ6,45,10,Novokuznetsk,Russia,550575.00,5,City,Seaport,,,,,,,,,,,
,45,10,Ryazan,Russia,540317.00,5,City,,,,,,,,,,,,
,45,10,Astrakhan,Russia,534947.00,5,City,,,,,,,,,,,,
,45,10,Naberezhnye Tchelny,Russia,534726.00,5,City,,,,,,,,,,,,
,45,10,Penza,Russia,523092.00,5,City,,,,,,,,,,,,
,45,10,Balashikha,Russia,514662.00,5,City,,,,,,,,,,,,
,45,10,Kirov,Russia,513003.00,5,City,,,,,,,,,,,,
,45,10,Lipetsk,Russia,507291.00,5,City,,,,,,,,,,,,
,45,10,Cheboksary,Russia,505870.00,5,City,,,,,,,,,,,,
,46,2,Kigali,Rwanda,1132101.00,5,City,,,,,,,,,,,,
KF2,47,14,Riyadh,Saudi Arabia,7231447.00,6,Large City,Industrial,Political,Military,,,27.11,72.89,,,,,
JZ2,47,14,Jiddah,Saudi Arabia,4610176.00,6,Large City,Seaport,Resort,,,,29.46,70.54,,,,,
JZ2,47,14,Mecca,Saudi Arabia,2042106.00,6,Large City,Temple,,,,,19.23,80.77,,,,,
JZ2,47,14,Medina,Saudi Arabia,1488782.00,5,City,,,,,,9.32,89.96,,,,,
JZ0,47,14,Ad-Dammam,Saudi Arabia,1252523.00,5,City,Political,Seaport,,,,31.32,68.15,,,,,
KF4,47,14,Hufuf-Mubarraz,Saudi Arabia,836727.00,5,City,,,,,,23.46,68.32,,,,,
JZ2,47,14,Taif,Saudi Arabia,688693.00,5,City,Military,,,,,12.25,87.75,,,,,
KF2,47,14,Buraydah,Saudi Arabia,668775.00,5,City,Political,,,,,12.65,87.35,,,,,
JZ1,47,14,Tabuk,Saudi Arabia,657277.00,5,City,Political,Military,,,,29.46,62.32,,,,,
JZ1,47,14,Al Jubail,Saudi Arabia,605743.00,5,City,Industrial,Seaport,,,,26.21,73.23,,,,,
,47,14,Khamis Mushayt,Saudi Arabia,547724.00,5,City,,,,,,26.46,73.23,,,,,
HK3,48,,Dakar,Senegal,3140442.00,6,Large City,,,,,,,,,,,,
,49,,Belgrade,Serbia,1397939.00,5,City,,,,,,38.54,61.46,,,,,
,50,,Freetown,Sierra Leone,1201900.00,5,City,,,,,,,,,,,,
,51,,Singapore,Singapore,5935053.00,6,Large City,,,,,,32.98,67.02,,,,,
,52,2,Mogadishu,Somalia,2282009.00,6,Large City,Seaport,,,,,,,,,,,
,52,2,Kismayo,Somalia,166667.00,4,Small City,Seaport,,,,,,,,,,,
,52,2,Berbera,Somalia,60753.00,2,Small Town,Seaport,,,,,,,,,,,
,52,2,Hargeysa,Somalia,988716.00,5,City,,,,,,,,,,,,
,52,2,Hargeisa,Somalia,1200000.00,5,City,,,,,,,,,,,,
,52,2,Burao,Somalia,350211.00,5,City,Political,,,,,,,,,,,
,52,2,Bohotle,Somalia,38428.00,2,Small Town,,,,,,,,,,,,
,52,2,Merca,Somalia,666370.00,5,City,,,,,,,,,,,,
,53,3,Johannesburg,South Africa,5782747.00,6,Large City,,,,,,80.65,19.35,,,,,
JB9,53,3,Cape Town,South Africa,4617560.00,6,Large City,,,,,,73.78,26.22,,,,,
,53,3,Ekurhuleni,South Africa,3894262.00,6,Large City,,,,,,,,,,,,
JO0,53,3,Durban,South Africa,3158313.00,6,Large City,,,,,,80.84,19.16,,,,,
JO0,53,3,Pretoria,South Africa,2565660.00,6,Large City,,,,,,81.94,18.06,,,,,
JI0,53,3,Port Elizabeth,South Africa,1253742.00,5,City,,,,,,75.92,24.08,,,,,
,53,3,West Rand,South Africa,897609.00,5,City,,,,,,,,,,,,
,53,3,Soshanguve,South Africa,853347.00,5,City,,,,,,,,,,,,
,53,3,Vereeniging,South Africa,774031.00,5,City,,,,,,,,,,,,
,53,3,Buffalo City,South Africa,708559.00,5,City,,,,,,44.99,55.01,,,,,
JH9,53,3,Bloemfontein,South Africa,567029.00,5,City,,,,,,,,,,,,
,53,3,Pietermaritzburg,South Africa,526912.00,5,City,,,,,,79.73,20.27,,,,,
,53,3,Rustenburg,South Africa,509368.00,5,City,,,,,,,,,,,,
,54,6,Seoul,South Korea,9963452.00,6,Large City,,,,,,26.32,73.68,,,,,
,54,6,Busan,South Korea,3465190.00,6,Large City,,,,,,,,,,,,
,54,6,Incheon,South Korea,2801039.00,6,Large City,,,,,,30.92,69.08,,,,,
,54,6,Daegu,South Korea,2198962.00,6,Large City,,,,,,,,,,,,
,54,6,Daejon,South Korea,1565656.00,6,Large City,,,,,,,,,,,,
,54,6,Gwangju,South Korea,1521506.00,6,Large City,,,,,,,,,,,,
,54,6,Suweon,South Korea,1311321.00,5,City,,,,,,,,,,,,
,54,6,Yongin,South Korea,1083345.00,5,City,,,,,,,,,,,,
,54,6,Goyang,South Korea,1069196.00,5,City,,,,,,,,,,,,
,54,6,Changwon,South Korea,1055974.00,5,City,,,,,,,,,,,,
,54,6,Seongnam,South Korea,943768.00,5,City,,,,,,,,,,,,
,54,6,Ulsan,South Korea,910330.00,5,City,,,,,,,,,,,,
,54,6,Bucheon,South Korea,832093.00,5,City,,,,,,,,,,,,
,54,6,Ansan,South Korea,760764.00,5,City,,,,,,,,,,,,
,54,6,Cheongju,South Korea,717027.00,5,City,,,,,,,,,,,,
,54,6,Cheonan,South Korea,679802.00,5,City,,,,,,,,,,,,
,54,6,Jeonju,South Korea,663145.00,5,City,,,,,,,,,,,,
,54,6,Anyang,South Korea,567945.00,5,City,,,,,,,,,,,,
,55,9,Madrid,Spain,6617513.00,6,Large City,,,,,,29.42,70.58,,,,,
,55,9,Barcelona,Spain,5585556.00,6,Large City,,,,,,45.51,54.49,,,,,
,55,9,Valencia,Spain,833724.00,5,City,,,,,,25.66,74.34,,,,,
,55,9,Zaragoza,Spain,730828.00,5,City,,,,,,,,,,,,
,55,9,Seville,Spain,703790.00,5,City,,,,,,,,,,,,
,55,9,Malaga,Spain,590032.00,5,City,,,,,,27.56,72.44,,,,,
,56,5,Colombo,Sri Lanka,612535.00,5,City,Industrial,Resort,Company,,,40.14,59.86,,,,,
,57,1,Khartoum,Sudan,5828858.00,6,Large City,,,,,,,,,,,,
JH1,57,1,Nyala,Sudan,922532.00,5,City,,,,,,,,,,,,
IZ8,58,9,Stockholm,Sweden,1632798.00,6,Large City,,,,,,45.10,54.90,,,,,
IT8,58,9,Gothenburg,Sweden,610521.00,5,City,,,,,,46.43,53.57,,,,,
,59,9,Zurich,Switzerland,1395356.00,5,City,Industrial,,,,,16.40,83.60,,,,,
,59,9,Geneva,Switzerland,613373.00,5,City,Political,Industrial,,,,27.26,72.74,,,,,
,59,9,Basel,Switzerland,559027.00,5,City,Industrial,,,,,20.44,79.56,,,,,
,60,14,Damascus,Syria,2392045.00,6,Large City,,,,,,68.40,31.60,,,,,
,60,14,Aleppo,Syria,1916781.00,6,Large City,,,,,,,,,,,,
,60,14,Homs,Syria,1335804.00,5,City,,,,,,,,,,,,
,60,14,Hamah,Syria,921502.00,5,City,,,,,,,,,,,,
,60,14,Lattakia,Syria,655714.00,5,City,,,,,,,,,,,,
,60,14,Al-Raqqa,Syria,521537.00,5,City,,,,,,,,,,,,
,61,6,Xinbei,Taiwan,4398383.00,6,Large City,,,,,,,,,,,,
,61,6,Taibei,Taiwan,2721485.00,6,Large City,,,,,,,,,,,,
,61,6,Taoyuan,Taiwan,2245162.00,6,Large City,,,,,,,,,,,,
,61,6,Gaoxiong,Taiwan,1537640.00,6,Large City,,,,,,,,,,,,
,61,6,Taizhong,Taiwan,1320591.00,5,City,,,,,,,,,,,,
,61,6,Tainan,Taiwan,849996.00,5,City,,,,,,,,,,,,
,62,4,Dushanbe,Tajikistan,915712.00,5,City,,,,,,,,,,,,
,63,2,Dar es Salaam,Tanzania,6701650.00,6,Large City,,,,,,61.69,38.31,,,,,
,63,2,Mwanza,Tanzania,1120430.00,5,City,,,,,,,,,,,,
,63,2,Zanzibar,Tanzania,705078.00,5,City,,,,,,,,,,,,
,63,2,Mbeya,Tanzania,566065.00,5,City,,,,,,,,,,,,
,64,6,Bangkok,Thailand,10539415.00,7,Mega City,,,,,,41.08,58.92,,,,,
,64,6,Chon Buri,Thailand,1398645.00,5,City,,,,,,,,,,,,
,64,6,Samut Prakan,Thailand,1306937.00,5,City,,,,,,,,,,,,
,64,6,Chiang Mai,Thailand,1166978.00,5,City,,,,,,23.98,76.02,,,,,
,64,6,Songkhla,Thailand,966597.00,5,City,,,,,,,,,,,,
,64,6,Nonthaburi,Thailand,962694.00,5,City,,,,,,,,,,,,
,64,6,Pathum Thani,Thailand,913741.00,5,City,,,,,,,,,,,,
,64,6,Nakhon Ratchasima,Thailand,774022.00,5,City,,,,,,,,,,,,
,64,6,Samut Sakhon,Thailand,578273.00,5,City,,,,,,,,,,,,
,64,6,Udon Thani,Thailand,570115.00,5,City,,,,,,,,,,,,
,64,6,Chiang Rai,Thailand,549966.00,5,City,,,,,,,,,,,,
,64,6,Rayong,Thailand,538150.00,5,City,,,,,,,,,,,,
,64,6,Kalasin,Thailand,517635.00,5,City,,,,,,,,,,,,
,64,6,Nakhon Pathom,Thailand,503271.00,5,City,,,,,,,,,,,,
,64,6,Khon-Kaen,Thailand,502594.00,5,City,,,,,,,,,,,,
,,2,Lome,Togo,1827878.00,6,Large City,,,,,,,,,,,,
,,12,Port of Spain,Trinidad and Tobago,544207.00,5,City,,,,,,74.86,25.14,,,,,
,99,1,Tunis,Tunisia,2365201.00,6,Large City,,,,,,47.55,52.45,,,,,
,99,1,Safaqis,Tunisia,630175.00,5,City,,,,,,,,,,,,
,65,14,Istanbul,Turkey,15190336.00,7,Mega City,,,,,,47.50,52.50,,,,,
,65,14,Ankara,Turkey,5117603.00,6,Large City,,,,,,39.69,60.31,,,,,
,65,14,Izmir,Turkey,2992953.00,6,Large City,,,,,,28.26,71.74,,,,,
,65,14,Bursa,Turkey,1986268.00,6,Large City,,,,,,28.00,72.00,,,,,
,65,14,Adana,Turkey,1770850.00,6,Large City,,,,,,,,,,,,
,65,14,Gaziantep,Turkey,1704118.00,6,Large City,,,,,,,,,,,,
,65,14,Konya,Turkey,1328136.00,5,City,,,,,,,,,,,,
,65,14,Antalya,Turkey,1253872.00,5,City,,,,,,27.17,72.83,,,,,
,65,14,Diyarbakir,Turkey,1039492.00,5,City,,,,,,,,,,,,
,65,14,Mersin,Turkey,1016019.00,5,City,,,,,,,,,,,,
,65,14,Kayseri,Turkey,973506.00,5,City,,,,,,,,,,,,
,65,14,Eskisehir,Turkey,783669.00,5,City,,,,,,17.58,82.42,,,,,
,65,14,Gebze,Turkey,744674.00,5,City,,,,,,,,,,,,
,65,14,Denizli,Turkey,644782.00,5,City,,,,,,,,,,,,
,65,14,Samsun,Turkey,642592.00,5,City,,,,,,,,,,,,
,65,14,Sanliurfa,Turkey,590522.00,5,City,,,,,,,,,,,,
,65,14,Kahramanmaras,Turkey,546688.00,5,City,,,,,,,,,,,,
,65,14,Sakarya,Turkey,539445.00,5,City,,,,,,,,,,,,
,65,14,Van,Turkey,511391.00,5,City,,,,,,,,,,,,
,,4,Ashgabat,Turkmenistan,846255.00,5,City,,,,,,,,,,,,
JT5,65,3,Kampala,Uganda,1650800.00,6,Large City,Temple,,,,,,,,,,,
,66,10,Kiev,Ukraine,2988176.00,6,Large City,,,,,,,,,,,,
,66,10,Kharkiv,Ukraine,1429004.00,5,City,,,,,,48.39,51.61,,,,,
,66,10,Odesa,Ukraine,1009289.00,5,City,,,,,,,,,,,,
,66,10,Dnipro,Ukraine,957345.00,5,City,,,,,,53.37,46.63,,,,,
,66,10,Donetsk,Ukraine,905530.00,5,City,,,,,,,,,,,,
,66,10,Zaporizhzhya,Ukraine,736167.00,5,City,,,,,,,,,,,,
,66,10,Lviv,Ukraine,723758.00,5,City,,,,,,41.43,58.57,,,,,
,66,10,Kryvyi Rih,Ukraine,618706.00,5,City,,,,,,,,,,,,
,67,9,Dubai,United Arab Emirates,2878344.00,6,Large City,,,,,,16.56,83.44,,,,,
,67,9,Sharjah,United Arab Emirates,1684649.00,6,Large City,,,,,,16.41,83.59,,,,,
,67,9,Abu Dhabi,United Arab Emirates,1482816.00,5,City,,,,,,11.54,88.46,,,,,
,67,9,Al-Ain,United Arab Emirates,610887.00,5,City,,,,,,,,,,,,
IB7,68,9,London,United Kingdom,9304016.00,6,Large City,,,,,,47.53,52.47,,,,,
IB6,68,9,Manchester,United Kingdom,2730076.00,6,Large City,,,,,,56.15,43.85,,,,,
IB6,68,9,Leeds,United Kingdom,792525.00,5,City,,,,,,42.20,57.80,,,,,
IB6,68,9,Birmingham,United Kingdom,2607437.00,6,Large City,,,,,,59.56,40.44,,,,,
IB6,68,9,West Yorkshire,United Kingdom,1889095.00,6,Large City,,,,,,,,,,,,
IB5,68,9,Glasgow,United Kingdom,1673332.00,6,Large City,Seaport,,,,,43.86,56.14,,,,,
IB7,68,9,Southampton,United Kingdom,927916.00,5,City,,,,,,,,,,,,
IB6,68,9,Liverpool,United Kingdom,901708.00,5,City,,,,,,44.35,55.65,,,,,
,68,9,Newcastle upon Tyne,United Kingdom,809481.00,5,City,,,,,,38.67,61.33,,,,,
,68,9,Nottingham,United Kingdom,787610.00,5,City,,,,,,47.38,52.62,,,,,
,68,9,Sheffield,United Kingdom,730158.00,5,City,,,,,,44.11,55.89,,,,,
IB7,68,9,Bristol,United Kingdom,686210.00,5,City,,,,,,41.25,58.75,,,,,
HV5,68,9,Belfast,United Kingdom,630632.00,5,City,,,,,,39.94,60.06,,,,,
IB7,68,9,Brighton,United Kingdom,606909.00,5,City,,,,,,37.27,62.73,,,,,
,68,9,Leicester,United Kingdom,552178.00,5,City,,,,,,,,,,,,
IB5,68,9,Edinburgh,United Kingdom,536775.00,5,City,,,,,,30.57,69.43,,,,,
IB7,68,9,Bournemouth,United Kingdom,505687.00,5,City,,,,,,,,,,,,
EU6,69,14,New York City,United States,8323340.00,6,Large City,Industrial,Resort,,,,50.16,53.04,,,,,
CR8,69,14,Los Angeles,United States,4015940.00,6,Large City,Industrial,Military,,,,48.41,51.59,,,,,
FA6,69,14,Cambridge,United States,116632.00,3,Town,Educational,,,,,27.80,72.20,,,,,
EC2,69,14,Chicago,United States,2694240.00,6,Large City,,,,,,64.81,35.19,,,,,
DW4,69,14,Houston,United States,2340890.00,6,Large City,Industrial,,,,,63.89,36.11,,,,,
DE1,69,14,Phoenix,United States,1703080.00,6,Large City,Resort,,,,,52.10,47.90,,,,,
EU6,69,14,Philadelphia,United States,1591800.00,6,Large City,,,,,,61.51,38.49,,,,,
DQ3,69,14,San Antonio,United States,1578030.00,6,Large City,,,,,,48.68,51.32,,,,,
CY0,69,14,San Diego,United States,1447100.00,5,City,,,,,,36.51,63.49,,,,,
DW4,69,14,Dallas,United States,1382270.00,5,City,Industrial,,,,,49.71,50.29,,,,,
DQ3,69,14,San Jose,United States,1033670.00,5,City,Political,Industrial,Company,,,46.53,53.47,,,,,
DQ3,69,14,Austin,United States,988218.00,5,City,Political,Educational,,,,35.80,64.20,,,,,
DW4,69,14,Fort Worth,United States,932116.00,5,City,Military,,,,,45.13,55.65,,,,,
EO7,69,14,Jacksonville,United States,926371.00,5,City,,,,,,58.04,41.96,,,,,
EI4,69,14,Columbus,United States,922223.00,5,City,Military,,,,,43.43,56.57,,,,,
EO6,69,14,Charlotte,United States,905318.00,5,City,,,,,,44.19,55.81,,,,,
CR7,69,14,San Francisco,United States,896047.00,5,City,Industrial,Educational,Seaport,Company,,56.12,43.88,,,,,
EI4,69,14,Indianapolis,United States,875929.00,5,City,Political,,,,,57.56,42.44,,,,,
CR5,69,14,Seattle,United States,783137.00,5,City,Company,,,,,49.11,50.89,,,,,
DK0,69,14,Denver,United States,734134.00,5,City,,,,,,43.15,56.85,,,,,
EO5,69,14,Washington,United States,720687.00,5,City,Political,Military,Educational,,,57.83,42.17,,,,,
FA6,69,14,Boston,United States,710195.00,5,City,,,,,,35.52,64.48,,,,,
DK2,69,14,El Paso,United States,685575.00,5,City,,,,,,32.04,67.96,,,,,
EI5,69,14,Nashville,United States,673167.00,5,City,,,,,,47.78,52.22,,,,,
EO5,69,14,Alexandria,United States,159428.00,4,Small City,,,,,,39.06,60.94,,,,,
EI5,69,14,Decatur,United States,71290.00,2,Small Town,,,,,,34.75,65.20,,,,,
EO8,69,14,West Palm Beach,United States,111955.00,3,Town,Resort,,,,,53.91,46.09,,,,,
EI3,69,14,Detroit,United States,667272.00,5,City,Industrial,,,,,73.47,26.53,,,,,
CR5,69,14,Portland,United States,664103.00,5,City,,,,,,48.76,51.24,,,,,
CX9,69,14,Las Vegas,United States,662000.00,5,City,Resort,,,,,56.19,43.81,,,,,
DW3,69,14,Oklahoma City,United States,655407.00,5,City,,,,,,48.85,49.32,,,,,
EU7,69,14,Maple Hill,United States,3012.00,2,Small Town,,,,,,26.13,71.80,,,,,
EC4,69,14,Memphis,United States,647374.00,5,City,,,,,,74.81,25.19,,,,,
EI4,69,14,Louisville,United States,624890.00,5,City,,,,,,52.80,47.20,,,,,
EU6,69,14,Baltimore,United States,590479.00,5,City,Industrial,,,,,74.61,25.39,,,,,
DW4,69,14,Galveston,United States,50457.00,2,Small Town,Resort,Seaport,,,,40.06,58.13,,,,,
DW4,69,14,Beaumont,United States,118428.00,3,Town,Industrial,,,,,34.19,68.21,,,,,
EC5,69,14,New Orleans,United States,391006.00,5,City,Seaport,Resort,,,,64.54,35.46,,,,,
EC5,69,14,Mobile,United States,189572.00,4,Small City,,,,,,64.14,31.90,,,,,
EC5,69,14,Pensacola,United States,9305.00,2,Small Town,Seaport,Military,,,,55.13,44.71,,,,,
EI6,69,14,Panama City Beach,United States,13065.00,2,Small Town,,,,,,46.75,53.25,,,,,
EI6,69,14,Tallahasse,United States,193551.00,4,Small City,Political,Educational,,,,58.94,38.12,,,,,
EO7,69,14,Jacksonville,United States,903889.00,5,City,Seaport,,,,,58.04,41.96,,,,,
EO7,69,14,Daytona Beach,United States,68866.00,2,Small Town,Resort,,,,,59.24,37.26,,,,,
EO7,69,14,Savannah,United States,145862.00,3,Town,,,,,,57.74,42.26,,,,,
EI4,69,14,Columbus,United States,892533.00,5,City,,,,,,43.43,56.57,,,,,
EI5,69,14,Atlanta,United States,498044.00,5,City,Industrial,Educational,,,,62.00,38.00,,,,,
DK2,69,14,El Paso,United States,682669.00,5,City,,,,,,32.04,67.96,,,,,
DE1,69,14,Tucson,United States,545975.00,5,City,,,,,,50.52,49.48,,,,,
DE1,69,14,Phoenix,United States,1660000.00,6,Large City,Company,Resort,,,,52.10,47.90,,,,,
CY0,69,14,San Diego,United States,1426000.00,5,City,Seaport,Military,Resort,Company,,36.51,63.49,,,,,
CR8,69,14,Long Beach,United States,467354.00,5,City,Seaport,,,,,55.26,42.97,,,,,
CX9,69,14,Anaheim,United States,352005.00,5,City,Resort,Company,,,,52.46,45.18,,,,,
CR6,69,14,Medford,United States,82347.00,2,Small Town,,,,,,25.36,68.54,,,,,
CR6,69,14,Eugene,United States,171245.00,4,Small City,Company,,,,,26.31,75.16,,,,,
DD9,69,14,Provo,United States,116702.00,3,Town,Educational,,,,,32.14,68.68,,,,,
DD9,69,14,Ogden,United States,87325.00,2,Small Town,Mining,,,,,45.30,62.44,,,,,
DW3,69,14,Springfield,United States,168122.00,4,Small City,,,,,,55.91,23.45,,,,,
EC3,69,14,Peoria,United States,111388.00,3,Town,Industrial,,,,,59.42,45.77,,,,,
EC3,69,14,Evansville,United States,117963.00,3,Town,,,,,,45.62,55.48,,,,,
DK0,69,14,Fort Collins,United States,167830.00,4,Small City,Industrial,,,,,25.85,72.65,,,,,
EU7,69,14,Virginia Beach,United States,450189.00,5,City,Military,Seaport,,,,42.13,58.16,,,,,
EO6,69,14,Richmond,United States,228783.00,4,Small City,Industrial,Political,,,,45.02,54.98,,,,,
EI5,69,14,Knoxville,United States,187500.00,4,Small City,Educational,Industrial,,,,55.17,38.00,,,,,
EI4,69,14,Toledo,United States,274975.00,5,City,Industrial,,,,,61.22,50.94,,,,,
EI3,69,14,Ann Arbor,United States,121890.00,3,Town,Educational,Industrial,,,,68.55,43.59,,,,,
DK1,69,14,Santa Fe,United States,84612.00,2,Small Town,Educational,Resort,,,,54.32,47.97,,,,,
DQ2,69,14,Amarillo,United States,199924.00,4,Small City,Industrial,Mining,,,,22.73,70.16,,,,,
DW3,69,14,Norman,United States,123471.00,3,Town,,,,,,71.17,38.00,,,,,
DQ2,69,14,Lubbock,United States,258862.00,5,City,Educational,,,,,52.44,50.94,,,,,
EI5,69,14,Chattanooga,United States,180557.00,4,Small City,,,,,,42.45,40.59,,,,,
EI5,69,14,Huntsville,United States,197318.00,4,Small City,Military,Industrial,,,,34.14,45.97,,,,,
E07,69,14,Charleson,United States,133762.00,3,Town,Military,,,,,59.24,37.26,,,,,
DK1,69,14,Albuquerque,United States,561188.00,5,City,,,,,,68.94,29.99,,,,,
DE1,69,14,Tucson,United States,553871.00,5,City,Educational,,,,,50.52,49.48,,,,,
CR8,69,14,Fresno,United States,525010.00,5,City,Industrial,,,,,53.59,46.19,,,,,
E08,69,14,Miami,United States,2700000.00,6,Large City,Resort,Seaport,,,,53.15,46.85,,,,,
EO8,69,14,Orlando,United States,285713.00,5,City,Resort,,,,,51.93,48.07,,,,,
EI5,69,14,Atlanta,United States,523738.00,5,City,Industrial,Company,Educational,,,62.00,38.00,,,,,
CR7,69,14,Sacramento,United States,2414783.00,6,Large City,Political,,,,,49.06,50.94,,,,,
DW2,69,14,Kansas City,United States,459787.00,5,City,Industrial,Mining,,,,59.41,40.59,,,,,
,,4,Montevideo,Uruguay,1752388.00,6,Large City,,,,,,54.03,45.97,,,,,
LJ4,,4,Tashkent,Uzbekistan,2517381.00,6,Large City,,,,,,,,,,,,
LD3,,4,Samarkand,Uzbekistan,578762.00,5,City,,,,,,,,,,,,
LJ4,,4,Namangan,Uzbekistan,528763.00,5,City,,,,,,,,,,,,
FB3,70,12,Caracas,Venezuela,2938992.00,6,Large City,Political,Military,,,,84.68,15.32,,,,,
FB3,70,12,Maracaibo,Venezuela,2257999.00,6,Large City,Political,Industrial,Seaport,,,,,,,,,
EV3,70,12,San Cristobal,Venezuela,282830.00,5,City,Political,,,,,84.98,13.17,,,,,
FB3,70,12,Valencia,Venezuela,1910188.00,6,Large City,Industrial,Company,Political,,,25.66,74.34,,,,,
FB3,70,12,Barquisimeto,Venezuela,1214362.00,5,City,Industrial,Educational,,,,,,,,,,
FB3,70,12,Maracay,Venezuela,1203227.00,5,City,Military,Resort,,,,,,,,,,
FH5,70,12,Ciudad Guayana,Venezuela,917700.00,5,City,,,,,,,,,,,,
FH4,70,12,Barcelona-Puerto La Cruz,Venezuela,793641.00,5,City,,,,,,45.51,54.49,,,,,
FH5,70,12,Maturin,Venezuela,694716.00,5,City,Temple,,,,,,,,,,,
FB3,70,12,Cabimas,Venezuela,578222.00,5,City,Seaport,Temple,,,,,,,,,,
NA7,71,6,Ho Chi Minh City,Vietnam,8602317.00,6,Large City,Political,,,,,54.24,45.76,,,,,
NA5,71,6,Hanoi,Vietnam,4678198.00,6,Large City,,,,,,37.41,62.59,,,,,
NA7,71,6,Can Tho,Vietnam,1617602.00,6,Large City,,,,,,,,,,,,
NA5,71,6,Hai Phong,Vietnam,1300088.00,5,City,,,,,,,,,,,,
NA6,71,6,Da Nang,Vietnam,1125316.00,5,City,,,,,,,,,,,,
NA7,71,6,Bien Hoa,Vietnam,1013064.00,5,City,Political,,,,,,,,,,,
KF4,72,14,Sanaa,Yemen,2972988.00,6,Large City,,,,,,,,,,,,
KF5,72,14,Aden,Yemen,980455.00,5,City,Seaport,Industrial,,,,,,,,,,
KF5,72,14,Taiz,Yemen,845154.00,5,City,Military,,,,,74.13,26.97,,,,,
KF5,72,14,Al-Hudaydah,Yemen,668899.00,5,City,Seaport,Industrial,,,,64.13,32.47,,,,,
KF5,72,14,Ibb,Yemen,648889.00,5,City,,,,,,,,,,,,
KL6,72,14,Al-Mukalla,Yemen,506356.00,5,City,,,,,,,,,,,,
JT8,73,3,Chipata,Zambia,635783.00,5,City,Company,Educational,,,,42.91,54.52,,,,,
JN7,73,3,Lusaka,Zambia,2774133.00,6,Large City,Political,,,,,34.14,65.41,,,,,
JN7,73,3,Kitwe,Zambia,785908.00,5,City,Industrial,Educational,,,,33.14,64.19,,,,,
JN7,73,3,Mansa,Zambia,129185.00,3,Town,Political,,,,,16.37,81.62,,,,,
JN8,73,3,Kafue,Zambia,219000.00,4,Small City,Mining,,,,,31.46,65.81,,,,,
JN8,73,3,Kalomo,Zambia,11004.00,2,Small Town,Political,,,,,18.02,76.38,,,,,
JN8,73,3,Mazabuka,Zambia,146596.00,3,Town,Industrial,,,,,35.37,67.54,,,,,
JN8,73,3,Choma,Zambia,68842.00,2,Small Town,Political,,,,,31.37,59.12,,,,,
JH6,73,3,Mongu,Zambia,189585.00,4,Small City,Industrial,,,,,,,,,,,
JN7,73,3,Ndola,Zambia,542495.00,5,City,Industrial,,,,,39.69,60.21,,,,,
JN8,74,3,Harare,Zimbabwe,3120917.00,6,Large City,Political,Mining,,,,59.90,40.10,,,,,
JN8,74,3,Bulawayo,Zimbabwe,1200337.00,5,City,Educational,,,,,56.13,46.85,,,,,
JN8,74,3,Gweru,Zimbabwe,171867.00,5,Small City,Company,,,,,,,,,,,
,33,6,Ili,China,4582500,,Large City,Resort,,,,,17.49,82.51,,,,,
,33,6,Aksu City,China,695000,,Village,Industrial,,,,,14.08,85.18,,,,,
,33,6,Kashgar,China,711300,,City,Company,Industrial,,,,25.71,74.27,,,,,
,33,6,Karamay,China,462347,,City,Industrial,Mining,,,,17.49,82.5,,,,,
,33,6,Tacheng,China,160000,,Small City,Industrial,,,,,11.69,88.3,,,,,
,33,6,Urumqi,China,3550000,,Large City,Industrial,Educational,Resort,Company,,16.27,83.72,,,,,
,33,6,Bayingolin,China,1285700,,City,Mining,Industrial,,,,23.82,76.18,,,,,
MH6,33,6,Altay,China,114995,,City,Resort,,,,,10.63,89.63,,,,,
MH7,33,6,Turpan,China,633400,,City,Industrial,,,,,28.21,71.77,,,,,
MI0,33,6,Nagqu,China,462381,,City,Industrial,Mining,,,,10.63,89.72,,,,,
MN8,33,6,Kumul,China,412305,,City,Industrial,Mining,,,,12.49,87.5,,,,,
MO0,33,6,Haixi,China,515200,,City,,,,,,10.63,89.63,,,,,
MO1,33,6,Yushu,China,416600,,City,Resort,,,,,10.94,89.63,,,,,
MO1,33,6,Chamdo,China,798067,,City,Resort,,,,,10.46,89.63,,,,,
MO1,33,6,Nyingchi,China,200000,,Small City,Resort,,,,,10.63,89.63,,,,,
MU0,33,6,Wuwei,China,408000,,City,Industrial,,,,,21.51,78.48,,,,,
MU0,33,6,Zhangye,China,1199515,,City,Educational,,,,,20.27,72.27,,,,,
MU0,33,6,Jinchang,China,464050,,City,Industrial,Resort,,,,10.84,89.15,,,,,
MU0,33,6,Jiuquan,China,455611,,City,,,,,,12.36,87.63,,,,,
MU1,33,6,Xining,China,2467965,,Large City,Industrial,Educational,Mining,,,30.26,69.26,,,,,
MU1,33,6,Hainan,China,478000,,City,Resort,,,,,25.93,74.48,,,,,
MU1,33,6,Linxia,China,291900,,City,Temple,,,,,21.27,78.72,,,,,
MU1,33,6,Golog,China,215573,,Small Town,,,,,,17.71,82.26,,,,,
MU2,33,6,Ya'an,China,1507264,,Large City,Resort,,,,,15.38,84.26,,,,,
MU2,33,6,Garze,China,1091872,,City,Temple,,,,,17.73,82.26,,,,,
MU2,33,6,Aba,China,920,,City,,,,,,11.63,88.65,,,,,
MU3,33,6,Kunming,China,4089100,,Large City,Military,Educational,Industrial,Company,,25.71,74.26,,,,,
MU3,33,6,Liangshan,China,847894,,City,Resort,,,,,21.71,78.26,,,,,
MU3,33,6,Baoshan,China,2506491,,Large City,Temple,Resort,,,,17.71,82.26,,,,,
MU3,33,6,Panzhihua,China,787177,,City,Mining,Resort,Educational,Industrial,,18.49,81.48,,,,,
MU3,33,6,Dali,China,652045,,City,Resort,,,,,17.51,82.48,,,,,
MU4,33,6,Yuxi,China,2568000,,Large City,Industrial,Mining,Educational,,,28.27,71.72,,,,,
MU4,33,6,Lincang,China,2429505,,Large City,Mining,,,,,19.27,80.26,,,,,
MU4,33,6,Xishuangbanna,China,1133515,,City,Mining,Resort,,,,20.27,79.37,,,,,
MU4,33,6,Pu'er,China,2542898,,Large City,Industrial,,,,,19.49,80.48,,,,,
MU4,33,6,Dehong,China,1294000,,City,,,,,,10.27,89.72,,,,,
NA1,33,6,Yinchuan,China,1662968,,City,,,,,,21.53,78.45,,,,,
NA1,33,6,Bayannur,China,385700,,City,Company,Educational,Resort,,,14.45,85.63,,,,,
NA1,33,6,Shizuishan,China,720000,,City,Industrial,Mining,Educational,,,15.08,84.09,,,,,
NA1,33,6,Wuhai,China,631000,,City,Industrial,Mining,,,,12.84,87.15,,,,,
NA1,33,6,Alxa,China,231334,,Small City,Industrial,Company,,,,10.27,89.26,,,,,
NA2,33,6,Baoji,China,1437802,,City,Industrial,Military,Educational,,,21.61,78.37,,,,,
NA2,33,6,Tianshui,China,1212791,,City,Educational,Industrial,Resort,,,22.51,77.48,,,,,
NA2,33,6,Qingyang,China,909800,,City,Industrial,,,,,16.35,83.63,,,,,
NA2,33,6,Dingxi,China,422383,,City,Industrial,,,,,13.63,86.63,,,,,
NA2,33,6,Lanzhou,China,3072100,,Large City,Industrial,Mining,Resort,Educational,,18.75,81.25,,,,,
NA3,33,6,Chengdu,China,20937756,,Mega City ,Resort,Company,Educational,Industrial,,23.26,76.27,,,,,
NA3,33,6,Chongqing,China,22251500,,Mega City ,Political,Military,Company,Educational,,29.82,70.72,,,,,
NA3,33,6,Mianyang,China,1722133,,City,Industrial,Company,Educational,,,22.26,77.26,,,,,
NA3,33,6,Guangyuan,China,2305657,,Large City,Industrial,Mining,,,,22.27,77.72,,,,,
NA3,33,6,Hanzhong,China,1017700,,City,Industrial,Military,Educational,,,11.27,88.82,,,,,
NA4,33,6,Hechi,China,3991900,,Large City,Industrial,Mining,,,,19.49,80.48,,,,,
NA4,33,6,Anshun,China,765313,,City,Military,Educational,Industrial,,,17.75,82.26,,,,,
NA4,33,6,Zhaotong,China,352831,,City,Industrial,Mining,,,,25.26,74.72,,,,,
NA4,33,6,Bijie,China,6536370,,Large City,Mining,,,,,24.26,72.26,,,,,
NA4,33,6,Qiannan,China,832714,,City,,,,,,24.05,75.93,,,,,
NA5,33,6,Nanning,China,4417600,,Large City,Industrial,Mining,Resort,Educational,,22.49,77.48,,,,,
NA5,33,6,Chongzhou,China,2347700,,Large City,Industrial,Resort,,,,29.71,70.72,,,,,
NA6,33,6,Qinzhou,China,1296300,,City,Seaport,Industrial,,,,20.93,79.48,,,,,
NG2,33,6,Datong,China,1790452,,Large City,Mining,Educational,Resort,Industrial,,21.23,78.76,,,,,
NG2,33,6,Baotou,China,2261089,,Large City,Mining,Industrial,,,,10.63,89.63,,,,,
NG2,33,6,Hohhot,China,2944889,,Large City,Educational,Industrial,,,,10.36,89.36,,,,,
NG2,33,6,Xinzhou,China,578000,,City,Resort,Educational,,,,10.46,89.54,,,,,
NG2,33,6,Ulanqab,China,425059,,City,,,,,,10.63,89.63,,,,,
NG3,33,6,Zhengzhou,China,6353285,,Large City,Industrial,Mining,Educational,Military,,22.73,77.26,,,,,
NG3,33,6,Yuncheng,China,928334,,City,,,,,,20.26,79.73,,,,,
NG3,33,6,Yan'An,China,2255700,,Large City,,,,,,17.25,82.75,,,,,
NG3,33,6,Linfen,China,959198,,City,Industrial,Mining,Resort,,,10.63,89.3,,,,,
NG3,33,6,Xi'an,China,11904805,,Mega City ,Company,Educational,Industrial,Resort,,18.73,81.26,,,,,
NG4,33,6,Yichang,China,1698400,,City,Industrial,Resort,,,,25.26,74.26,,,,,
NG4,33,6,Nanyang,China,1902000,,Large City,Temple,Industrial,Educational,,,25.26,74.26,,,,,
NG4,33,6,Shiyan,China,1326275,,City,Industrial,Educational,,,,21.27,78.26,,,,,
NG4,33,6,Xianyang,China,945420,,City,Educational,,,,,14.67,85.33,,,,,
NG5,33,6,Changsha,China,5498400,,Large City,Political,Company,Educational,,,20.71,79.26,,,,,
NG5,33,6,Chenzhou,China,960000,,City,Industrial,Mining,Political,Resort,,27.26,72.72,,,,,
NG5,33,6,Hengyang,China,1453000,,City,Mining,Resort,Political,Industrial,,30.26,69.26,,,,,
NG5,33,6,Huaihua,China,623800,,City,Mining,Industrial,,,,21.27,78.72,,,,,
NG5,33,6,Guilin,China,1572300,,City,Industrial,,,,,18.05,81.93,,,,,
NG6,33,6,Guangzhou,China,16492590,,Mega City ,Educational,Temple,Industrial,Resort,,37.27,62.27,,,,,
NG6,33,6,Haikou,China,2250000,,Large City,Seaport,Resort,Industrial,Educational,,17.27,82.26,,,,,
NG6,33,6,Zhanjiang,China,1931455,,City,Military,Industrial,Seaport,Industrial,,29.37,70.72,,,,,
NG6,33,6,Guigang,China,1493874,,City,Industrial,,,,,28.51,71.48,,,,,
NG6,33,6,Maoming,China,2539148,,Large City,Industrial,Industrial,,,,25.51,74.48,,,,,
NG7,33,6,Sanya,China,644727,,City,Seaport,Educational,Resort,,,24.26,75.26,,,,,
NM2,33,6, Xilin Gol,China,1028022,,City,Educational,,,,,26.53,73.45,,,,,
NM2,33,6,Chifeng,China,1460381,,City,Industrial,Mining,Educational,Company,,18.53,81.45,,,,,
NM3,33,6,Beijing,China,21893096,,Mega City ,Political,Educational,Company,Military,,33.27,66.72,,,,,
NM3,33,6,Baoding,China,1976000,,Large City,Industrial,Company,Military,,,30.26,66.72,,,,,
NM3,33,6,Shijiazhuang,China,4098243,,Large City,Military,Industrial,Educational,,,24.27,75.7,,,,,
NM3,33,6,Tianjin,China,12491300,,Mega City ,Industrial,Company,Resort,Temple,,33.63,66.36,,,,,
NM3,33,6,Cangzhou,China,748000,,City,Political,Industrial,Educational,,,10.63,89.45,,,,,
NM4,33,6,Jinan,China,4335989,,Large City,Company,Educational,Resort,,,14.73,85.26,,,,,
NM4,33,6,Linyi,China,2303648,,Large City,Industrial,,,,,29.41,70.58,,,,,
NM4,33,6,Shangqiu,China,1536392,,City,Resort,Educational,Political,Industrial,,24.51,75.48,,,,,
NM4,33,6,Xuzhou,China,3053778,,City,Industrial,Educational,Mining,Military,,24.62,75.36,,,,,
NM5,33,6, Wuhan,China,11936010,,Mega City ,Educational,Industrial,Political,,,23,77,,,,,
NM5,33,6,Hefei,China,6173000,,Large City,Industrial,Company,Educational,,,12.23,87.66,,,,,
NM5,33,6,Nanjing,China,6525000,,Large City,Industrial,Company,Educational,Resort,,12.44,87.55,,,,,
NM5,33,6,Jiujiang,China,2814240,,Large City,Industrial,Educational,Resort,,,26.24,73.75,,,,,
NM5,33,6,Suzhou,China,4330000,,Large City,Educational,Company,Resort,Industrial,,12.27,87.72,,,,,
NM6,33,6,Nanchang,China,3576547,,Large City,Industrial,Educational,,,,23.26,76.26,,,,,
NM6,33,6,Quanzhou,China,6107475,,Large City,Temple,Industrial,Educational,,,30.26,69.26,,,,,
NM6,33,6,Ji'an,China,538699,,City,Educational,,,,,20.6,79.48,,,,,
NM6,33,6,Xinyu,China,839487,,City,Resort,Educational,,,,27.26,82.73,,,,,
NM7,33,6,Xiamen,China,4617251,,Large City,Industrial,Military,Educational,Resort,,24.49,75.48,,,,,
NM7,33,6,Shantou,China,4312192,,Large City,Industrial,Educational,Resort,,,27.73,72.26,,,,,
NM7,33,6,Jieyang,China,741674,,City,Industrial,,,,,20.27,79.72,,,,,
NS1,33,6,Hulunbui,China,356000,,City,,,,,,10.63,89.63,,,,,
NS2,33,6,Baicheng,China,332826,,City,Industrial,,,,,10.73,89.26,,,,,
NS2,33,6,Hinggan,China,1613250,,City,,,,,,14.27,85.72,,,,,
NS2,33,6,Qiqihar,China,1000,,Small Town ,Industrial,Educational,Company,Resort,,19.7,80.22,,,,,
NS3,33,6,Shenyang,China,5119100,,City,Educational,Resort,Industrial,Military,,22.73,77.26,,,,,
NS3,33,6,Tieling,China,434799,,City,Mining,,,,,20.58,79.41,,,,,
NS3,33,6,Tongliao,China,921808,,City,Educational,,,,,19.69,80.27,,,,,
NS3,33,6,Fuxin,China,759100,,City,Industrial,Educational,Mining,,,17.73,82.26,,,,,
NS4,33,6,Huludao,China,724800,,City,Industrial,Mining,Educational,Resort,,19.33,80.69,,,,,
NS4,33,6,Jinzhou,China,1091799,,City,Military,Resort,Educational,Company,,29.73,70.26,,,,,
NS4,33,6,Qinhuangdao,China,1546743,,City,Seaport,Resort,Educational,,,12.49,87.5,,,,,
NS5,33,6,Qingdao,China,5764384,,Large City,Industrial,Resort,Educational,,,10.27,89.36,,,,,
NS5,33,6,Weifang,China,2659938,,Large City,Military,Industrial,Educational,,,10.71,89.37,,,,,
NS5,33,6,Yantai,China,2511053,,Large City,Industrial,Educational,Seaport,Resort,,10.63,89.63,,,,,
NS5,33,6,Lianyungang,China,2001009,,Large City,Resort,Industrial,Seaport,Company,,10.27,89.72,,,,,
NS6,33,6,Nantong,China,3180924,,Large City,Educational,Industrial,Resort,,,12.73,87.26,,,,,
NS6,33,6,Shanghai,China,24870896,,Mega City ,Educational,Political,Seaport,Company,,34.27,65.72,,,,,
NS6,33,6,Suzhou,China,12748252,,Mega City ,Temple,Industrial,Educational,Company,,12.71,87.72,,,,,
NS6,33,6,Hangzhou,China,11936010,,Mega City ,Political,Industrial,Educational,Resort,,18.27,81.72,,,,,
NS7,33,6,Taizhou,China,6662888,,Large City,Educational,Industrial,,,,28.27,71.72,,,,,
NS7,33,6,Wenzhou,China,6642592,,Large City,Educational,Industrial,Company,Seaport,,17.73,82.26,,,,,
NY1,33,6,Da Hinggan Ling,China,520000,,City,,,,,,14.49,85.05,,,,,
NY3,33,6,Harbin,China,5282093,,Large City,Educational,Industrial,Military,Resort,,22.73,77.26,,,,,
NY3,33,6,Suihua,China,698025,,City,Industrial,,,,,16.51,83.48,,,,,
NY3,33,6,Daqing,China,1574389,,City,Company,Industrial,,,,14.49,85.5,,,,,
NY3,33,6,Yichun,China,598000,,City,Industrial,,,,,10.84,89.14,,,,,
NY4,33,6,Changchun,China,3815270,,Large City,Educational,Military,Company,,,26.73,73.26,,,,,
NY4,33,6,Siping,China,680600,,City,Industrial,,,,,11.44,88.63,,,,,
NY4,33,6,Songyuan,China,2881082,,Large City,Industrial,,,,,17.8,82.18,,,,,
NY4,33,6,Jilin,China,24073452,,Mega City ,Resort,Educational,Company,Political,,27.53,72.45,,,,,
OE4,33,6,Jiamusi,China,726622,,City,Educational,Industrial,,,,27.86,74.51,,,,,
OE4,33,6,Qitaihe ,China,920419,,City,Industrial,Mining,,,,19.71,80.27,,,,,
OE4,33,6,Shuangyashan,China,1462626,,City,Industrial,Mining,,,,20.51,79.48,,,,,
OE5,33,6,Yanbian,China,2271600,,Mega City ,Educational,Resort,,,,27.73,72.26,,,,,
OE5,33,6,Jixi,China,683232,,City,Industrial,Resort,Mining,,,25.51,74.48,,,,,
OE5,33,6,Mudanjiang,China,930015,,City,Industrial,Educational,,,,24.46,75.52,,,,,